媒介,标题,创作者,分类,状态,评分,标签,一句话短评,长评,封面链接,开始日期,完成日期,购入渠道,存放位置,装帧/形态,价格
番剧,新世纪福音战士：终,庵野秀明 · Khara,神作番剧,读完,5.0,神作番剧、机甲科幻、哲学心智、治愈成长,不能逃避，面对人与人之间的AT力场，向所有的福音战士告别，再见所有的Evangelion。,跨越四分之一个世纪的青春终章。庵野秀明用最真诚的成年人笔触，打破了虚幻的避难所，教我们走出忧郁，拥抱真实的人间与现实世界。,https://lain.bgm.tv/pic/cover/l/04/dc/29883_jQ4Hz.jpg,2026-06-01,2026-06-15,Bilibili 番剧 · 正版特装,展厅第3层 · 经典番剧回廊,BD 蓝光典藏全集,128.0
番剧,EVA (新世纪福音战士),庵野秀明 · Gainax,机甲哲学,读完,5.0,1995年、EVA、机甲神作、神作,不能逃避，面对人与人之间的AT力场，向所有的福音战士告别。,已完成追番 · 留存在《阅痕》的珍贵青春印记,https://lain.bgm.tv/pic/cover/l/66/46/6048_MJqSM.jpg,1995-01-01,1995-12-31,Bilibili / 官方正版番剧,展厅第3层 · 经典番剧回廊,TV / 剧场版动画,
番剧,浪客剑心 追忆篇,古桥一浩 · Studio Deen,时代剑戟,读完,5.0,1999年、时代剑戟、凄美神作、雪代巴,你真是能呼唤腥风血雨的人啊，十字伤的宿命与救赎。,已完成追番 · 留存在《阅痕》的珍贵青春印记,https://lain.bgm.tv/pic/cover/l/71/37/1728_HLsCr.jpg,1999-01-01,1999-12-31,Bilibili / 官方正版番剧,展厅第3层 · 经典番剧回廊,TV / 剧场版动画,
番剧,夏目友人帐,大森贵弘 · Brain's Base,治愈妖怪,读完,5.0,2008年、治愈系、夏目贵志、猫咪老师,我想成为一个温柔的人，因为曾被温柔的人那样对待过。,已完成追番 · 留存在《阅痕》的珍贵青春印记,https://lain.bgm.tv/pic/cover/l/cf/a0/259_7C5D9.jpg,2008-01-01,2008-12-31,Bilibili / 官方正版番剧,展厅第3层 · 经典番剧回廊,TV / 剧场版动画,
番剧,轻音少女,山田尚子 · 京都动画,青春音乐,读完,4.8,2009年、京阿尼、萌系日常、放学后TEA TIME,请不要拔掉插头，因为我们还要演奏更多属于青春的旋律！,已完成追番 · 留存在《阅痕》的珍贵青春印记,https://lain.bgm.tv/pic/cover/l/48/9d/1424_q8FMQ.jpg,2009-01-01,2009-12-31,Bilibili / 官方正版番剧,展厅第3层 · 经典番剧回廊,TV / 剧场版动画,
番剧,轻音少女 第二季,山田尚子 · 京都动画,青春音乐,读完,5.0,2010年、京阿尼、毕业季、天使にふれたよ!,但我们相遇了天使，毕业并不是终点，我们永远是同伴。,已完成追番 · 留存在《阅痕》的珍贵青春印记,https://lain.bgm.tv/pic/cover/l/48/9d/1424_q8FMQ.jpg,2010-01-01,2010-12-31,Bilibili / 官方正版番剧,展厅第3层 · 经典番剧回廊,TV / 剧场版动画,
番剧,怪盗基德 (魔术快斗),TMS Entertainment,悬疑奇幻,读完,4.7,2010年、怪盗基德、魔术月光、黑羽快斗,如果说怪盗是个技艺精湛的魔术师，那侦探不过是跟在后面的评论家罢了。,已完成追番 · 留存在《阅痕》的珍贵青春印记,https://lain.bgm.tv/pic/cover/l/0d/5b/4330_czWc0.jpg,2010-01-01,2010-12-31,Bilibili / 官方正版番剧,展厅第3层 · 经典番剧回廊,TV / 剧场版动画,
番剧,Angel Beats！,麻枝准 · P.A.WORKS,奇幻催泪,读完,4.9,2010年、麻枝准、死后世界、催泪神作,即便转世重生，我依然会喜欢上你，这就是我的心跳声。,已完成追番 · 留存在《阅痕》的珍贵青春印记,https://lain.bgm.tv/pic/cover/l/ff/14/1851_ZFEg7.jpg,2010-01-01,2010-12-31,Bilibili / 官方正版番剧,展厅第3层 · 经典番剧回廊,TV / 剧场版动画,
番剧,JOJO 的奇妙冒险,津田尚克 · david production,奇幻热血,读完,4.9,2012年、JOJO、波纹疾走、大乔二乔,人类的赞歌就是勇气的赞歌！人类的伟大就是勇气的伟大！,已完成追番 · 留存在《阅痕》的珍贵青春印记,https://lain.bgm.tv/pic/cover/l/61/c0/61534_55bd5.jpg,2012-01-01,2012-12-31,Bilibili / 官方正版番剧,展厅第3层 · 经典番剧回廊,TV / 剧场版动画,
番剧,我的青春恋爱物语果然有问题,吉村爱 · Brain's Base,青春思辨,读完,4.8,2013年、春物、大老师、真物,温柔正确的人总是难以生存，因为这世界既不温柔也不正确。,已完成追番 · 留存在《阅痕》的珍贵青春印记,https://lain.bgm.tv/pic/cover/l/1e/f1/54433_JZ99l.jpg,2013-01-01,2013-12-31,Bilibili / 官方正版番剧,展厅第3层 · 经典番剧回廊,TV / 剧场版动画,
番剧,约会大作战,元永庆太郎 · AIC PLUS+,奇幻恋爱,读完,4.5,2013年、约战、精灵、十香,那么，开始我们的约会吧。,已完成追番 · 留存在《阅痕》的珍贵青春印记,https://lain.bgm.tv/pic/cover/l/99/08/49131_CIPjC.jpg,2013-01-01,2013-12-31,Bilibili / 官方正版番剧,展厅第3层 · 经典番剧回廊,TV / 剧场版动画,
番剧,JOJO 的奇妙冒险 星尘远征军,津田尚克 · david production,奇幻热血,读完,5.0,2014年、JOJO、替身白金之星、承太郎,正义必然会战胜邪恶，因为你惹怒了我。,已完成追番 · 留存在《阅痕》的珍贵青春印记,https://lain.bgm.tv/pic/cover/l/61/c0/61534_55bd5.jpg,2014-01-01,2014-12-31,Bilibili / 官方正版番剧,展厅第3层 · 经典番剧回廊,TV / 剧场版动画,
番剧,月刊少女野崎君,山崎光惠 · 动画工房,搞笑恋爱,读完,4.8,2014年、搞笑、少女漫画、野崎君与佐仓,我很喜欢哦，看烟花的时候你也是这么想的吧。,已完成追番 · 留存在《阅痕》的珍贵青春印记,https://lain.bgm.tv/pic/cover/l/a0/20/100449_d101j.jpg,2014-01-01,2014-12-31,Bilibili / 官方正版番剧,展厅第3层 · 经典番剧回廊,TV / 剧场版动画,
番剧,Charlotte (夏洛特),麻枝准 · P.A.WORKS,超能青春,读完,4.6,2015年、麻枝准、超能力、友利奈绪,掠夺全世界的超能力，只为了守护你一个人的约定。,已完成追番 · 留存在《阅痕》的珍贵青春印记,https://lain.bgm.tv/pic/cover/l/9b/d6/120925_Zp040.jpg,2015-01-01,2015-12-31,Bilibili / 官方正版番剧,展厅第3层 · 经典番剧回廊,TV / 剧场版动画,
番剧,我的青春恋爱物语果然有问题 续,及川启 · feel.,青春思辨,读完,4.9,2015年、春物续、雪乃、团子、寻找真物,我不想要被欺瞒的理解，我想要的是真正的真物。,已完成追番 · 留存在《阅痕》的珍贵青春印记,https://lain.bgm.tv/pic/cover/l/1e/f1/54433_JZ99l.jpg,2015-01-01,2015-12-31,Bilibili / 官方正版番剧,展厅第3层 · 经典番剧回廊,TV / 剧场版动画,
番剧,路人女主的养成方法,龟井干太 · A-1 Pictures,青春恋爱,读完,4.7,2015年、路人女主、加藤惠、圣人惠,将不起眼的你，培养成心动的主角。,已完成追番 · 留存在《阅痕》的珍贵青春印记,https://lain.bgm.tv/pic/cover/l/8b/4c/231497_tZxtU.jpg,2015-01-01,2015-12-31,Bilibili / 官方正版番剧,展厅第3层 · 经典番剧回廊,TV / 剧场版动画,
番剧,齐木楠雄的灾难,樱井弘明 · J.C.STAFF,搞笑日常,读完,4.9,2016年、超能力搞笑、齐神、咖啡果冻,呀咧呀咧，虽然超能力很麻烦，但平静的高中生活才是终极目标。,已完成追番 · 留存在《阅痕》的珍贵青春印记,https://lain.bgm.tv/pic/cover/l/b3/28/181354_smUU3.jpg,2016-01-01,2016-12-31,Bilibili / 官方正版番剧,展厅第3层 · 经典番剧回廊,TV / 剧场版动画,
番剧,JOJO 的奇妙冒险 不灭钻石,津田尚克 · david production,奇幻热血,读完,5.0,2016年、杜王町、东方仗助、吉良吉影,黄金精神永不熄灭，守护杜王町的日常与正义。,已完成追番 · 留存在《阅痕》的珍贵青春印记,https://lain.bgm.tv/pic/cover/l/61/c0/61534_55bd5.jpg,2016-01-01,2016-12-31,Bilibili / 官方正版番剧,展厅第3层 · 经典番剧回廊,TV / 剧场版动画,
番剧,在下坂本，有何贵干？,高松信司 · Studio Deen,搞笑日常,读完,4.7,2016年、装逼如风、坂本大佬、日常搞笑,无论面对何种刁难，都要以最优雅从容的姿态化解。,已完成追番 · 留存在《阅痕》的珍贵青春印记,https://lain.bgm.tv/pic/cover/l/7c/01/165829_cwSZV.jpg,2016-01-01,2016-12-31,Bilibili / 官方正版番剧,展厅第3层 · 经典番剧回廊,TV / 剧场版动画,
番剧,灵能百分百,立川让 · BONES 骨头社,热血成长,读完,5.0,2016年、骨头社、龙套、灵幻新隆,超能力只是个性的一种，并不代表高人一等，重要的是如何做个好人。,已完成追番 · 留存在《阅痕》的珍贵青春印记,https://lain.bgm.tv/pic/cover/l/48/a6/228109_wb3bL.jpg,2016-01-01,2016-12-31,Bilibili / 官方正版番剧,展厅第3层 · 经典番剧回廊,TV / 剧场版动画,
番剧,夏目友人帐 伍,出合小都美 · 朱夏,治愈妖怪,读完,4.9,2016年、夏目友人帐5、治愈、妖怪物语,那些温暖的羁绊，会在岁月的河流里永恒闪光。,已完成追番 · 留存在《阅痕》的珍贵青春印记,https://lain.bgm.tv/pic/cover/l/cf/a0/259_7C5D9.jpg,2016-01-01,2016-12-31,Bilibili / 官方正版番剧,展厅第3层 · 经典番剧回廊,TV / 剧场版动画,
番剧,来自深渊,小岛正幸 · Kinema Citrus,黑暗奇幻,读完,5.0,2017年、阿比斯深渊、黎明卿、斯巴拉西,深渊在凝视着你，探窟者的灵魂永不停歇地追寻未知的深处。,已完成追番 · 留存在《阅痕》的珍贵青春印记,https://lain.bgm.tv/pic/cover/l/e2/fd/230914_fJJ0J.jpg,2017-01-01,2017-12-31,Bilibili / 官方正版番剧,展厅第3层 · 经典番剧回廊,TV / 剧场版动画,
番剧,笨女孩,草川启造 · Diomedéa,搞笑日常,读完,4.5,2017年、猴子香蕉、花畑佳子、爆笑解压,只要有香蕉吃，智商什么的根本不重要！,已完成追番 · 留存在《阅痕》的珍贵青春印记,https://lain.bgm.tv/pic/cover/l/bf/83/208450_0l5MJ.jpg,2017-01-01,2017-12-31,Bilibili / 官方正版番剧,展厅第3层 · 经典番剧回廊,TV / 剧场版动画,
番剧,欢迎来到实力至上主义教室,岸诚二 · Lerche,悬疑校园,读完,4.6,2017年、路哥、绫小路清隆、实力至上,所有人对我来说都不过是棋子，只要最后获胜的是我就行了。,已完成追番 · 留存在《阅痕》的珍贵青春印记,https://lain.bgm.tv/pic/cover/l/87/01/214272_vlcWz.jpg,2017-01-01,2017-12-31,Bilibili / 官方正版番剧,展厅第3层 · 经典番剧回廊,TV / 剧场版动画,
番剧,夏目友人帐 陆,出合小都美 · 朱夏,治愈妖怪,读完,4.9,2017年、夏目友人帐6、治愈、岁月温柔,只要有想见的人，就不是孤身一人。,已完成追番 · 留存在《阅痕》的珍贵青春印记,https://lain.bgm.tv/pic/cover/l/cf/a0/259_7C5D9.jpg,2017-01-01,2017-12-31,Bilibili / 官方正版番剧,展厅第3层 · 经典番剧回廊,TV / 剧场版动画,
番剧,路人女主的养成方法 2,龟井干太 · A-1 Pictures,青春恋爱,读完,4.8,2017年、路人女主2、同人游戏制作、加藤惠,我们所创作的游戏，就是倾注了所有青春热忱的证明。,已完成追番 · 留存在《阅痕》的珍贵青春印记,https://lain.bgm.tv/pic/cover/l/8b/4c/231497_tZxtU.jpg,2017-01-01,2017-12-31,Bilibili / 官方正版番剧,展厅第3层 · 经典番剧回廊,TV / 剧场版动画,
番剧,JOJO 的奇妙冒险 黄金之风,津田尚克 · 木村泰大 · david production,奇幻热血,读完,5.0,2018年、JOJO5、乔鲁诺、布加拉提,觉悟就是在这漆黑的荒野中，开辟出一条光明坦途！,已完成追番 · 留存在《阅痕》的珍贵青春印记,https://lain.bgm.tv/pic/cover/l/61/c0/61534_55bd5.jpg,2018-01-01,2018-12-31,Bilibili / 官方正版番剧,展厅第3层 · 经典番剧回廊,TV / 剧场版动画,
番剧,青春猪头少年不会梦到兔女郎学姐,增井壮一 · CloverWorks,奇幻青春,读完,4.9,2018年、青春综合征、麻衣学姐、咲太,即便全世界都遗忘了你，我也会在操场上大声喊出喜欢你！,已完成追番 · 留存在《阅痕》的珍贵青春印记,https://lain.bgm.tv/pic/cover/l/b9/45/240038_b5j7g.jpg,2018-01-01,2018-12-31,Bilibili / 官方正版番剧,展厅第3层 · 经典番剧回廊,TV / 剧场版动画,
番剧,紫罗兰永恒花园,石立太一 · 京都动画,情感史诗,读完,5.0,2018年、京阿尼巅峰、薇尔莉特、爱是什么,我想知道‘我爱你’究竟是什么意思，自动手记人偶为你传达所有心意。,已完成追番 · 留存在《阅痕》的珍贵青春印记,https://lain.bgm.tv/pic/cover/l/f0/15/280837_L6VeG.jpg,2018-01-01,2018-12-31,Bilibili / 官方正版番剧,展厅第3层 · 经典番剧回廊,TV / 剧场版动画,
番剧,碧蓝之海,高松信司 · ZERO-G,搞笑青春,读完,4.8,2018年、硬核潜水、乌龙茶(可燃)、爆笑大学,来一杯可以点燃的乌龙茶吧，这就是大学潜水社的青春！,已完成追番 · 留存在《阅痕》的珍贵青春印记,https://lain.bgm.tv/pic/cover/l/1f/13/235130_suy3s.jpg,2018-01-01,2018-12-31,Bilibili / 官方正版番剧,展厅第3层 · 经典番剧回廊,TV / 剧场版动画,
番剧,强风吹拂,野村和也 · Production I.G,运动热血,读完,5.0,2018年、箱根驿传、跑步的意义、宽政大,你喜欢跑步吗？跑步不是为了超越别人，而是为了到达属于自己的彼岸。,已完成追番 · 留存在《阅痕》的珍贵青春印记,https://lain.bgm.tv/pic/cover/l/d0/e0/248154_D8z6D.jpg,2018-01-01,2018-12-31,Bilibili / 官方正版番剧,展厅第3层 · 经典番剧回廊,TV / 剧场版动画,
番剧,文豪野犬 第二季,五十岚卓哉 · BONES 骨头社,异能战斗,读完,4.8,2019年、黑之时代、织田作之助、太宰治,去成为救人的一方吧，既然在善恶哪边都一样，那就去救人吧。,已完成追番 · 留存在《阅痕》的珍贵青春印记,https://lain.bgm.tv/pic/cover/l/9a/1c/171068_XIwkj.jpg,2019-01-01,2019-12-31,Bilibili / 官方正版番剧,展厅第3层 · 经典番剧回廊,TV / 剧场版动画,
番剧,灵能百分百 第二季,立川让 · BONES 骨头社,热血成长,读完,5.0,2019年、骨头社神作、最上启示、师徒情,哪怕不依靠超能力，我也想要凭借自己的双手改变人生。,已完成追番 · 留存在《阅痕》的珍贵青春印记,https://lain.bgm.tv/pic/cover/l/48/a6/228109_wb3bL.jpg,2019-01-01,2019-12-31,Bilibili / 官方正版番剧,展厅第3层 · 经典番剧回廊,TV / 剧场版动画,
番剧,约会大作战 第三季,元永庆太郎 · J.C.STAFF,奇幻恋爱,读完,4.5,2019年、约战3、七罪、折纸,为了拯救折纸与精灵们，再次展开跨越时空的约会。,已完成追番 · 留存在《阅痕》的珍贵青春印记,https://lain.bgm.tv/pic/cover/l/99/08/49131_CIPjC.jpg,2019-01-01,2019-12-31,Bilibili / 官方正版番剧,展厅第3层 · 经典番剧回廊,TV / 剧场版动画,
番剧,魔女之旅,洼冈俊之 · C2C,奇幻公路,读完,4.7,2020年、伊蕾娜、灰之魔女、公路物语,这是一个关于旅人与不同国度相遇的故事，那位可爱的魔女是谁呢？没错，就是我。,已完成追番 · 留存在《阅痕》的珍贵青春印记,https://lain.bgm.tv/pic/cover/l/99/17/292970_mxMxx.jpg,2020-01-01,2020-12-31,Bilibili / 官方正版番剧,展厅第3层 · 经典番剧回廊,TV / 剧场版动画,
番剧,我的青春恋爱物语果然有问题。完,及川启 · feel.,青春思辨,读完,4.8,2020年、春物完结、比企谷八幡、雪之下雪乃,请将你的人生交给我，即便痛苦，我也要和你纠缠到底。,已完成追番 · 留存在《阅痕》的珍贵青春印记,https://lain.bgm.tv/pic/cover/l/1e/f1/54433_JZ99l.jpg,2020-01-01,2020-12-31,Bilibili / 官方正版番剧,展厅第3层 · 经典番剧回廊,TV / 剧场版动画,
番剧,Re：从零开始的异世界生活 新编集版,渡边政治 · WHITE FOX,奇幻穿越,读完,4.9,2020年、死亡回归、菜月昴、蕾姆,哪怕从零开始，我也要在这残酷的世界里拯救所有人！,已完成追番 · 留存在《阅痕》的珍贵青春印记,https://lain.bgm.tv/pic/cover/l/72/ef/296195_n0KqL.jpg,2020-01-01,2020-12-31,Bilibili / 官方正版番剧,展厅第3层 · 经典番剧回廊,TV / 剧场版动画,
番剧,国王排名,八田洋介 · WIT STUDIO,奇幻成长,读完,4.8,2021年、波吉王子、卡克、催泪治愈,最弱小无声的聋哑王子，拥有这世上最坚强纯善的心灵。,已完成追番 · 留存在《阅痕》的珍贵青春印记,https://lain.bgm.tv/pic/cover/l/9a/c1/296109_8GeaM.jpg,2021-01-01,2021-12-31,Bilibili / 官方正版番剧,展厅第3层 · 经典番剧回廊,TV / 剧场版动画,
番剧,转生成蜘蛛又怎样！,板垣伸 · Millepensee,异界转生,读完,4.6,2021年、单口相声、蜘蛛子、悠木碧,只要拼尽全力活下去，就算转生成小蜘蛛也能弑神！,已完成追番 · 留存在《阅痕》的珍贵青春印记,https://lain.bgm.tv/pic/cover/l/83/73/252782_aWyEn.jpg,2021-01-01,2021-12-31,Bilibili / 官方正版番剧,展厅第3层 · 经典番剧回廊,TV / 剧场版动画,
番剧,JOJO 的奇妙冒险 石之海,铃木健一 · david production,奇幻热血,读完,4.9,2021年、空条徐伦、普奇神父、天堂制造,这是属于乔斯达家族百年的血脉宿命，人类的觉悟跨越新世界。,已完成追番 · 留存在《阅痕》的珍贵青春印记,https://lain.bgm.tv/pic/cover/l/61/c0/61534_55bd5.jpg,2021-01-01,2021-12-31,Bilibili / 官方正版番剧,展厅第3层 · 经典番剧回廊,TV / 剧场版动画,
番剧,间谍过家家,古桥一浩 · WIT STUDIO / CloverWorks,搞笑日常,读完,4.9,2022年、阿尼亚、黄昏、约尔太太,哇酷哇酷！间谍、杀手与读心术超能力少女的伪装温馨家庭。,已完成追番 · 留存在《阅痕》的珍贵青春印记,https://lain.bgm.tv/pic/cover/l/de/4a/329906_hmtVD.jpg,2022-01-01,2022-12-31,Bilibili / 官方正版番剧,展厅第3层 · 经典番剧回廊,TV / 剧场版动画,
番剧,夏日重现,渡边步 · OLM,悬疑循环,读完,4.9,2022年、日都岛、时间轮回、影子病,跨越无数次死亡轮回，只为在日都岛夏日祭上拯救潮与所有人！,已完成追番 · 留存在《阅痕》的珍贵青春印记,https://lain.bgm.tv/pic/cover/l/d9/f5/326895_j1S2n.jpg,2022-01-01,2022-12-31,Bilibili / 官方正版番剧,展厅第3层 · 经典番剧回廊,TV / 剧场版动画,
番剧,孤独摇滚！,斋藤圭一郎 · CloverWorks,音乐日常,读完,5.0,2022年、波奇酱、结束乐队、社恐神作,社恐又怎样？只要抱起吉他，我的声音就能穿透整个世界！,已完成追番 · 留存在《阅痕》的珍贵青春印记,https://lain.bgm.tv/pic/cover/l/e2/e7/328609_2EHLJ.jpg,2022-01-01,2022-12-31,Bilibili / 官方正版番剧,展厅第3层 · 经典番剧回廊,TV / 剧场版动画,
番剧,蓝色监狱,渡边彻明 · 8bit,竞技热血,读完,4.8,2022年、唯我独尊、洁世一、利己主义前锋,丢掉温情脉脉的合作吧，在这里只有最疯狂的利己前锋才能生存！,已完成追番 · 留存在《阅痕》的珍贵青春印记,https://lain.bgm.tv/pic/cover/l/b4/db/341163_l525N.jpg,2022-01-01,2022-12-31,Bilibili / 官方正版番剧,展厅第3层 · 经典番剧回廊,TV / 剧场版动画,
番剧,灵能百分百 第三季,莲井隆弘 · BONES 骨头社,热血成长,读完,5.0,2022年、神树篇、告白篇、完美谢幕,接纳不完美的自己，龙套与灵幻迎来了最温暖动人的圆满结局。,已完成追番 · 留存在《阅痕》的珍贵青春印记,https://lain.bgm.tv/pic/cover/l/48/a6/228109_wb3bL.jpg,2022-01-01,2022-12-31,Bilibili / 官方正版番剧,展厅第3层 · 经典番剧回廊,TV / 剧场版动画,
番剧,约会大作战 第四季,中川淳 · GEEK TOYS,奇幻恋爱,读完,4.6,2022年、本条二亚、星宫六喰、约战4,封印万由里与所有精灵的心灵之门。,已完成追番 · 留存在《阅痕》的珍贵青春印记,https://lain.bgm.tv/pic/cover/l/99/08/49131_CIPjC.jpg,2022-01-01,2022-12-31,Bilibili / 官方正版番剧,展厅第3层 · 经典番剧回廊,TV / 剧场版动画,
番剧,间谍过家家 第二季,古桥一浩 · WIT STUDIO / CloverWorks,搞笑日常,读完,4.8,2023年、豪华游轮篇、约尔太太大显身手,守护家人的平静生活，就是杀手与间谍最崇高的使命。,已完成追番 · 留存在《阅痕》的珍贵青春印记,https://lain.bgm.tv/pic/cover/l/de/4a/329906_hmtVD.jpg,2023-01-01,2023-12-31,Bilibili / 官方正版番剧,展厅第3层 · 经典番剧回廊,TV / 剧场版动画,
番剧,我独自升级,中重俊祐 · A-1 Pictures,爽快异能,读完,4.7,2024年、成振宇、暗影君王、站起来,从最弱E级猎人到支配死亡的暗影君王，站起来吧！,已完成追番 · 留存在《阅痕》的珍贵青春印记,https://lain.bgm.tv/pic/cover/l/f5/2e/390353_07vz7.jpg,2024-01-01,2024-12-31,Bilibili / 官方正版番剧,展厅第3层 · 经典番剧回廊,TV / 剧场版动画,
番剧,蓝色监狱 第二季,生原雄次 · 8bit,竞技热血,读完,4.7,2024年、U-20决战、怪物觉醒,赌上职业生涯的U-20代表战，让世界见证蓝色监狱的变革！,已完成追番 · 留存在《阅痕》的珍贵青春印记,https://lain.bgm.tv/pic/cover/l/b4/db/341163_l525N.jpg,2024-01-01,2024-12-31,Bilibili / 官方正版番剧,展厅第3层 · 经典番剧回廊,TV / 剧场版动画,
番剧,鬼灭之刃,外崎春雄 · Ufotable,和风热血,读完,4.9,飞碟社、炭治郎、祢豆子、无限列车,纵使身形俱灭，也定将恶鬼斩杀！心之火永不熄灭。,已完成追番 · 留存在《阅痕》的珍贵青春印记,https://lain.bgm.tv/pic/cover/l/9d/d1/245665_5an54.jpg,,,Bilibili / 官方正版番剧,展厅第3层 · 经典番剧回廊,TV / 剧场版动画,
番剧,魔法少女小圆,新房昭之 · 虚渊玄 · SHAFT,黑暗奇幻,读完,5.0,圆神、晓美焰、爱的战士、神作,为了拯救你，我愿意在这个无限轮回的时空里战斗千百次！,已完成追番 · 留存在《阅痕》的珍贵青春印记,https://lain.bgm.tv/pic/cover/l/cb/57/9717_sAVag.jpg,,,Bilibili / 官方正版番剧,展厅第3层 · 经典番剧回廊,TV / 剧场版动画,
番剧,咒术回战,朴性厚 · MAPPA,热血奇幻,读完,4.8,咒术回战、虎杖悠仁、五条悟、MAPPA,在众人簇拥下死去，吞下宿傩手指的少年走向咒术之路。,已完成追番 · 留存在《阅痕》的珍贵青春印记,https://lain.bgm.tv/pic/cover/l/60/fe/294993_JrrzK.jpg,,,Bilibili / 官方正版番剧,展厅第3层 · 经典番剧回廊,TV / 剧场版动画,
番剧,咒术回战 第二季,御所园翔太 · MAPPA,热血奇幻,读完,5.0,怀玉玉折、涩谷事变、五条悟、夏油杰,青春的夏日终究走向破碎，涩谷地下展开了最残酷的咒术大战。,已完成追番 · 留存在《阅痕》的珍贵青春印记,https://lain.bgm.tv/pic/cover/l/60/fe/294993_JrrzK.jpg,,,Bilibili / 官方正版番剧,展厅第3层 · 经典番剧回廊,TV / 剧场版动画,
番剧,咒术回战 第三季 (死灭回游),MAPPA,热血奇幻,读完,4.8,死灭回游、羂索、乙骨忧太,死灭回游结界开启，为了解除五条悟封印而浴血奋战。,已完成追番 · 留存在《阅痕》的珍贵青春印记,https://lain.bgm.tv/pic/cover/l/60/fe/294993_JrrzK.jpg,,,Bilibili / 官方正版番剧,展厅第3层 · 经典番剧回廊,TV / 剧场版动画,
番剧,魔都精兵的奴隶,Seven Arcs,战斗奇幻,读完,4.5,魔都精兵、羽前京香、奴隶契约,成为魔防队长的专属奴隶，在魔都阴影中斩杀丑鬼。,已完成追番 · 留存在《阅痕》的珍贵青春印记,https://lain.bgm.tv/pic/cover/l/ae/19/357962_eEjJA.jpg,,,Bilibili / 官方正版番剧,展厅第3层 · 经典番剧回廊,TV / 剧场版动画,
番剧,魔都精兵的奴隶 第二季,Passione,战斗奇幻,读完,4.5,魔都精兵2、八雷神、魔防队,更深层次的魔都隐秘揭开，强敌八雷神降临。,已完成追番 · 留存在《阅痕》的珍贵青春印记,https://lain.bgm.tv/pic/cover/l/ae/19/357962_eEjJA.jpg,,,Bilibili / 官方正版番剧,展厅第3层 · 经典番剧回廊,TV / 剧场版动画,
番剧,我推的孩子 第二季,平牧大辅 · 动画工房,演艺悬疑,读完,4.9,东京BLADE、舞台剧篇、黑川茜、有马加奈,在东京BLADE舞台上释放真正的演技，阿库亚直面复仇心魔。,已完成追番 · 留存在《阅痕》的珍贵青春印记,https://lain.bgm.tv/pic/cover/l/d1/1c/443428_FIhFu.jpg,,,Bilibili / 官方正版番剧,展厅第3层 · 经典番剧回廊,TV / 剧场版动画,
番剧,我推的孩子 第三季,动画工房,演艺悬疑,读完,4.8,我推的孩子3、偶像与复仇、真相逼近,B小町全国巡演与隐藏在黑暗中的终极幕后黑手。,已完成追番 · 留存在《阅痕》的珍贵青春印记,https://lain.bgm.tv/pic/cover/l/d1/1c/443428_FIhFu.jpg,,,Bilibili / 官方正版番剧,展厅第3层 · 经典番剧回廊,TV / 剧场版动画,
番剧,玉子市场,山田尚子 · 京都动画,日常治愈,wishlist,,待看清单、京阿尼、兔山商店街、大路饼藏,兔山商店街的温馨人情，会说人话的奇妙鸟与纯真青春。,加入个人待看追番清单,https://lain.bgm.tv/pic/cover/l/f8/7f/55113_TR5Is.jpg,,,Bilibili / 官方正版番剧,展厅第3层 · 经典番剧回廊,TV / 剧场版动画,
番剧,某科学的超电磁炮,长井龙雪 · J.C.STAFF,超能战斗,wishlist,,待看清单、炮姐、御坂美琴、唯我超电磁炮,学园都市最强LV5超电磁炮，硬币弹起的瞬间就是正义。,加入个人待看追番清单,https://lain.bgm.tv/pic/cover/l/37/5a/98371_zdWKw.jpg,,,Bilibili / 官方正版番剧,展厅第3层 · 经典番剧回廊,TV / 剧场版动画,
番剧,凉宫春日的忧郁,石原立也 · 京都动画,校园科幻,wishlist,,待看清单、SOS团、凉宫春日、漫无止境的八月,我对普通的人类没有兴趣，如果你们之中有外星人、未来人、超能力者，就来找我吧！,加入个人待看追番清单,https://lain.bgm.tv/pic/cover/l/21/8a/485_Et062.jpg,,,Bilibili / 官方正版番剧,展厅第3层 · 经典番剧回廊,TV / 剧场版动画,
番剧,中二病也要谈恋爱！,石原立也 · 京都动画,青春恋爱,wishlist,,待看清单、京阿尼、邪王真眼、六花与勇太,被漆黑烈焰吞噬吧！爆裂吧现实，粉碎吧精神，放逐这个世界！,加入个人待看追番清单,https://lain.bgm.tv/pic/cover/l/c8/e4/72942_VniXv.jpg,,,Bilibili / 官方正版番剧,展厅第3层 · 经典番剧回廊,TV / 剧场版动画,
番剧,冰菓,武本康弘 · 京都动画,青春推理,wishlist,,待看清单、京阿尼巅峰、折木奉太郎、我很好奇,做没有必要做的事情就不要做，必须做的事情就从简。但是，我很好奇！,加入个人待看追番清单,https://lain.bgm.tv/pic/cover/l/cd/38/27364_1ZFmr.jpg,,,Bilibili / 官方正版番剧,展厅第3层 · 经典番剧回廊,TV / 剧场版动画,
番剧,野良神,田村耕太郎 · BONES 骨头社,神魔奇幻,wishlist,,待看清单、骨头社、五元神明、夜斗,只需五元香火钱，实现你所有愿望的无家可归神明夜斗。,加入个人待看追番清单,https://lain.bgm.tv/pic/cover/l/ee/de/82572_PNW44.jpg,,,Bilibili / 官方正版番剧,展厅第3层 · 经典番剧回廊,TV / 剧场版动画,
番剧,请问您今天要来点兔子吗？,桥本裕之 · WHITE FOX,萌系日常,wishlist,,待看清单、点兔、保登心爱、香风智乃,充满咖啡香气与温暖兔子的木造小镇日常生活。,加入个人待看追番清单,https://lain.bgm.tv/pic/cover/l/9f/2f/88287_h4xKo.jpg,,,Bilibili / 官方正版番剧,展厅第3层 · 经典番剧回廊,TV / 剧场版动画,
番剧,干物妹！小埋,太田雅彦 · 动画工房,搞笑日常,wishlist,,待看清单、小埋、披着仓鼠斗篷、可乐薯片,在外完美无瑕的高中女神，回家立刻化身二头身吃零食打游戏！,加入个人待看追番清单,https://lain.bgm.tv/pic/cover/l/27/da/212775_as9It.jpg,,,Bilibili / 官方正版番剧,展厅第3层 · 经典番剧回廊,TV / 剧场版动画,
番剧,逆转裁判,渡边步 · A-1 Pictures,法庭推理,wishlist,,待看清单、成步堂龙一、异议阿里、法庭对决,异议あり！在绝境中寻找证据的唯一矛盾，彻底逆转法庭！,加入个人待看追番清单,https://lain.bgm.tv/pic/cover/l/6b/13/146737_1rwbd.jpg,,,Bilibili / 官方正版番剧,展厅第3层 · 经典番剧回廊,TV / 剧场版动画,
番剧,杀戮天使,铃木健太郎 · J.C.STAFF,悬疑逃脱,wishlist,,待看清单、Angels of Death、扎克、瑞吉儿,誓言与杀戮的约定，从这栋封闭的大楼深处逃出生天。,加入个人待看追番清单,https://lain.bgm.tv/pic/cover/l/1a/b7/220566_0CMxK.jpg,,,Bilibili / 官方正版番剧,展厅第3层 · 经典番剧回廊,TV / 剧场版动画,
番剧,多罗罗,古桥一浩 · MAPPA / 手冢Production,暗黑武侠,wishlist,,待看清单、手冢治虫、百鬼丸、夺回身体,被魔神夺走四十八处器官的少年，在战国乱世中斩魔夺回肉身。,加入个人待看追番清单,https://lain.bgm.tv/pic/cover/l/33/23/503698_iJLgN.jpg,,,Bilibili / 官方正版番剧,展厅第3层 · 经典番剧回廊,TV / 剧场版动画,
番剧,葬送的芙莉莲,斋藤圭一郎 · Madhouse,史诗治愈,wishlist,,待看清单、年度霸权、千年精灵、勇者辛美尔,在打倒魔王之后的漫长岁月里，长生精灵芙莉莲重新踏上体会人心的旅程。,加入个人待看追番清单,https://lain.bgm.tv/pic/cover/l/13/c5/400602_ZI8Y9.jpg,,,Bilibili / 官方正版番剧,展厅第3层 · 经典番剧回廊,TV / 剧场版动画,
番剧,超时空要塞,河森正治 · Satelight,机甲歌姬,wishlist,,待看清单、超时空要塞、战术音乐、女武神,歌声能跨越宇宙的硝烟，机甲与歌姬唱响银河最后的恋歌。,加入个人待看追番清单,https://lain.bgm.tv/pic/cover/l/e8/25/3173_IM2X2.jpg,,,Bilibili / 官方正版番剧,展厅第3层 · 经典番剧回廊,TV / 剧场版动画,
番剧,辉夜大小姐想让我告白,畠山守 · A-1 Pictures,恋爱喜剧,wishlist,,待看清单、天才们的恋爱头脑战、辉夜与会长,先告白的人就是输家！秀知院学园两位顶级天才的傲娇智斗恋爱。,加入个人待看追番清单,https://lain.bgm.tv/pic/cover/l/cf/9c/317613_bpGX4.jpg,,,Bilibili / 官方正版番剧,展厅第3层 · 经典番剧回廊,TV / 剧场版动画,
书籍,小王子,圣埃克苏佩里,文学名著,读完,5.0,童话、治愈、哲学、经典,正因为你为你的玫瑰花费了时间，这才使你的玫瑰变得如此重要。,这是一本写给所有曾经是小孩的大人的童话。它用最纯净的语言，道出了人世间最深刻的真理：爱是驯服与责任，唯有用心才能看清本质。,https://lain.bgm.tv/pic/cover/l/80/9d/470322_nAZAP.jpg,2026-06-01,2026-06-15,上海独立书店 · 季风书园,书架第1层 · 治愈精神馆,精装全彩插图典藏本,45.0
书籍,百年孤独,加西亚·马尔克斯,拉美文学,读完,5.0,魔幻现实、拉美、家族史诗、经典,多年以后，面对行刑队，奥雷里亚诺·布恩迪亚上校将会回想起父亲带他去见识冰块的那个遥远的下午。,魔幻现实主义的巅峰神作。七代人的宿命轮回，将人类无法摆脱的孤独、激情、荒诞与历史遗忘写到了极致。,https://img1.doubanio.com/view/subject/l/public/s27237850.jpg,2026-06-01,2026-06-15,京东自营 · 范晔译本,书架第2层 · 拉美魔幻现实,精装布面烫金,59.8
书籍,三体,刘慈欣,科幻小说,读完,5.0,硬核科幻、宇宙文明、硬科幻、经典,给岁月以文明，而不是给文明以岁月。,中国科幻的巍峨丰碑。从红岸基地的第一声啼鸣到整个宇宙的黑暗森林法则，宏大的想象力与冷峻的文明思考令人叹为观止。,https://img1.doubanio.com/view/subject/l/public/s2768378.jpg,2026-06-01,2026-06-15,科幻世界特约渠道,书架第1层 · 硬核科幻神作,精装硬壳纪念版,52.0
书籍,1984,乔治·奥威尔,反乌托邦,wishlist,,反乌托邦、文学名著、经典,战争即和平，自由即奴役，无知即力量。,经典文学名著 · 收录于《阅痕》书单,https://img1.doubanio.com/view/subject/l/public/s4371408.jpg,,,,,,
书籍,鼠疫,加缪,存在主义,wishlist,,存在主义、文学名著、经典,在这个世界上存在着瘟疫，也存在着受害者，我们应当尽量不站在瘟疫一边。,经典文学名著 · 收录于《阅痕》书单,https://lain.bgm.tv/pic/cover/l/c1/ea/310634_R3bhR.jpg,,,,,,
书籍,动物农场,乔治·奥威尔,政治讽喻,wishlist,,政治讽喻、文学名著、经典,所有动物生来平等，但有些动物比其他动物更平等。,经典文学名著 · 收录于《阅痕》书单,https://lain.bgm.tv/pic/cover/l/52/5b/123576_9yR5T.jpg,,,,,,
书籍,诡计博物馆,大山诚一郎,本格推理,wishlist,,本格推理、文学名著、经典,封印二十年的悬案，在赤色博物馆内被纯粹的逻辑瞬间洞穿。,经典文学名著 · 收录于《阅痕》书单,https://lain.bgm.tv/pic/cover/l/78/2d/448954_xcxFM.jpg,,,,,,
书籍,霍乱时期的爱情,马尔克斯,拉美文学,wishlist,,拉美文学、文学名著、经典,跨越半个多世纪的等待，换来的是船头上那面永不落下的霍乱黄旗。,经典文学名著 · 收录于《阅痕》书单,https://lain.bgm.tv/pic/cover/l/ff/5d/556855_7hv2O.jpg,,,,,,
书籍,悲惨世界,雨果,法国文学,wishlist,,法国文学、文学名著、经典,释放无限光明的是人心，制造无边黑暗的也是人心。,经典文学名著 · 收录于《阅痕》书单,https://lain.bgm.tv/pic/cover/l/87/14/156904_qYLyb.jpg,,,,,,
书籍,四世同堂,老舍,华语经典,wishlist,,华语经典、文学名著、经典,小羊圈胡同的悲欢离合，记录了抗战时期北平底层百姓的风骨与苦难。,经典文学名著 · 收录于《阅痕》书单,https://img3.doubanio.com/view/subject/l/public/s3424257.jpg,,,,,,
书籍,西西弗神话,加缪,哲学思辨,wishlist,,哲学思辨、文学名著、经典,登上顶峰的斗争足以充实一个人的心灵，我们应当想象西西弗是幸福的。,经典文学名著 · 收录于《阅痕》书单,https://lain.bgm.tv/pic/cover/l/63/26/635490_d6ekH.jpg,,,,,,
书籍,挪威的森林,村上春树,日本文学,wishlist,,日本文学、文学名著、经典,每个人都有属于自己的一片森林，迷失的人迷失了，相逢的人会再相逢。,经典文学名著 · 收录于《阅痕》书单,https://lain.bgm.tv/pic/cover/l/6d/0f/920_85mPM.jpg,,,,,,
书籍,老人与海,海明威,欧美文学,wishlist,,欧美文学、文学名著、经典,人不是生来要给打败的，一个人可以被毁灭，但不能被打败。,经典文学名著 · 收录于《阅痕》书单,https://lain.bgm.tv/pic/cover/l/c2/df/156705_3VOdt.jpg,,,,,,
书籍,上帝掷骰子吗,曹天元,硬核科普,wishlist,,硬核科普、文学名著、经典,这是一部波澜壮阔的量子力学史，带你走进人类认知最神秘的微观微境。,经典文学名著 · 收录于《阅痕》书单,https://img9.doubanio.com/view/subject/l/public/s1486674.jpg,,,,,,
书籍,全员嫌疑人,大山诚一郎,密室推理,wishlist,,密室推理、文学名著、经典,快节奏的逻辑推演，当所有人都被怀疑时，唯有华丽的诡计才能破解真相。,经典文学名著 · 收录于《阅痕》书单,https://img9.doubanio.com/view/subject/l/public/s34002344.jpg,,,,,,
书籍,绝叫,叶真中显,社会派推理,wishlist,,社会派推理、文学名著、经典,从普通家庭女性滑向无底深渊，一部令人窒息的平成时代生存绝叫。,经典文学名著 · 收录于《阅痕》书单,https://lain.bgm.tv/pic/cover/l/d0/9c/337991_HTm3A.jpg,,,,,,
书籍,人类简史,尤瓦尔·赫拉利,历史哲学,wishlist,,历史哲学、文学名著、经典,认知革命、农业革命与科学革命，虚构故事的能力让人类成为了地球的主宰。,经典文学名著 · 收录于《阅痕》书单,https://img3.doubanio.com/view/subject/l/public/s27814883.jpg,,,,,,
书籍,时间简史,霍金,宇宙科普,wishlist,,宇宙科普、文学名著、经典,探寻黑洞、奇点与时间箭头的终极奥秘，仰望星空的最璀璨思想。,经典文学名著 · 收录于《阅痕》书单,https://img2.doubanio.com/view/subject/l/public/s1914861.jpg,,,,,,
书籍,经济学原理,曼昆,经济社会,wishlist,,经济社会、文学名著、经典,人们面临权衡取舍，某种东西的成本就是为了得到它所放弃的东西。,经典文学名著 · 收录于《阅痕》书单,https://img2.doubanio.com/view/subject/l/public/s33698881.jpg,,,,,,
书籍,廊桥遗梦,沃勒,情感文学,wishlist,,情感文学、文学名著、经典,这样确切的爱，一生只有一次。麦迪逊桥头的四天，刻骨铭心的一生。,经典文学名著 · 收录于《阅痕》书单,https://img1.doubanio.com/view/subject/l/public/s28806260.jpg,,,,,,
书籍,社会心理学,迈尔斯,心理学,wishlist,,心理学、文学名著、经典,探索群体对个体的影响、态度与从众、偏见与利他，看透人际关系的本质。,经典文学名著 · 收录于《阅痕》书单,https://img3.doubanio.com/view/subject/l/public/s1670932.jpg,,,,,,
书籍,在细雨中呼喊,余华,华语经典,wishlist,,华语经典、文学名著、经典,在江南细雨中回望童年与成长的创伤，记忆像水草一样在时间的河流里摇曳。,经典文学名著 · 收录于《阅痕》书单,https://img2.doubanio.com/view/subject/l/public/s34569411.jpg,,,,,,
书籍,白夜行,东野圭吾,推理悬疑,wishlist,,推理悬疑、文学名著、经典,我的天空里没有太阳，总是黑夜，但并不暗，因为有东西代替了太阳。,经典文学名著 · 收录于《阅痕》书单,https://lain.bgm.tv/pic/cover/l/14/58/6686_zXCXz.jpg,,,,,,
书籍,局外人,加缪,存在主义,wishlist,,存在主义、文学名著、经典,今天，妈妈死了。也许是昨天，我不知道。对这荒谬世界的清醒抗争。,经典文学名著 · 收录于《阅痕》书单,https://lain.bgm.tv/pic/cover/l/0a/b9/136481_i538r.jpg,,,,,,
书籍,许三观卖血记,余华,华语经典,wishlist,,华语经典、文学名著、经典,一盘炒猪肝，二两黄酒，用身体的鲜血托起一个家庭所有风雨的坚韧史诗。,经典文学名著 · 收录于《阅痕》书单,https://img1.doubanio.com/view/subject/l/public/s24575140.jpg,,,,,,
书籍,解忧杂货店,东野圭吾,温暖治愈,wishlist,,温暖治愈、文学名著、经典,如果把你的地图比作白纸，正因为是一张白纸，才可以随心所欲地描绘地图。,经典文学名著 · 收录于《阅痕》书单,https://lain.bgm.tv/pic/cover/l/42/11/177164_jp.jpg,,,,,,
书籍,无人生还,阿加莎·克里斯蒂,孤岛推理,wishlist,,孤岛推理、文学名著、经典,十个印第安小男孩，孤岛之上的审判与童谣谋杀，本格推理的巅峰神作。,经典文学名著 · 收录于《阅痕》书单,https://lain.bgm.tv/pic/cover/l/d4/f9/396073_GO8H4.jpg,,,,,,
书籍,蛇结,莫里亚克,法国文学,wishlist,,法国文学、文学名著、经典,人心如同纠缠在一起的蛇结，唯有爱与宽恕才能解开这深重的仇恨。,经典文学名著 · 收录于《阅痕》书单,https://img1.doubanio.com/view/subject/l/public/s35106938.jpg,,,,,,
书籍,我是猫,夏目漱石,日本文学,wishlist,,日本文学、文学名著、经典,我是猫，还没有名字。以一只猫的独特视角，辛辣审视明治时代文人与社会的百态。,经典文学名著 · 收录于《阅痕》书单,https://img9.doubanio.com/view/subject/l/public/s2507284.jpg,,,,,,
书籍,罗生门,芥川龙之介,日本文学,wishlist,,日本文学、文学名著、经典,在暮色昏暗的罗生门下，每个人都在以谎言掩盖自己丑陋的利己本能。,经典文学名著 · 收录于《阅痕》书单,https://img1.doubanio.com/view/subject/l/public/s3435158.jpg,,,,,,
书籍,活着,余华,华语经典,wishlist,,华语经典、文学名著、经典,人是为活着本身而活着的，而不是为了活着之外的任何事物所活着。,经典文学名著 · 收录于《阅痕》书单,https://img9.doubanio.com/view/subject/l/public/s29869926.jpg,,,,,,
书籍,月亮与六便士,毛姆,欧美文学,wishlist,,欧美文学、文学名著、经典,满地都是六便士，他却抬头看见了月亮。为了艺术狂热抛弃一切的追寻。,经典文学名著 · 收录于《阅痕》书单,https://img1.doubanio.com/view/subject/l/public/s29634528.jpg,,,,,,
书籍,罪与罚,陀思妥耶夫斯基,俄苏文学,wishlist,,俄苏文学、文学名著、经典,从高傲的超人理论到灵魂的受难救赎，人类心灵最深处的激烈交战。,经典文学名著 · 收录于《阅痕》书单,https://lain.bgm.tv/pic/cover/l/d3/45/477180_I9dd9.jpg,,,,,,
书籍,消失的十三级台阶,高野和明,社会派推理,wishlist,,社会派推理、文学名著、经典,踏上死刑台阶前的生死追凶，直击死刑制度与人性救赎的最震撼思索。,经典文学名著 · 收录于《阅痕》书单,https://img1.doubanio.com/view/subject/l/public/s34070178.jpg,,,,,,
书籍,同名同姓受害者协会,下村敦史,社会悬疑,wishlist,,社会悬疑、文学名著、经典,同名同姓带来的网络暴力与偏见审判，一场直击现代互联网生态的悬疑悲剧。,经典文学名著 · 收录于《阅痕》书单,https://lain.bgm.tv/pic/cover/l/de/51/602142_O20ve.jpg,,,,,,
书籍,呼啸山庄,艾米莉·勃朗特,古典名著,wishlist,,古典名著、文学名著、经典,荒原上的狂野爱恨，希斯克利夫超越生死与坟墓的终极执念。,经典文学名著 · 收录于《阅痕》书单,https://lain.bgm.tv/pic/cover/l/66/02/127782_bSf0j.jpg,,,,,,
书籍,蛤蟆先生去看心理医生,罗伯特·戴博德,心理成长,wishlist,,心理成长、文学名著、经典,探索儿童自我状态、父母自我状态与成人自我状态，找回属于自己的力量。,经典文学名著 · 收录于《阅痕》书单,https://img1.doubanio.com/view/subject/l/public/s33941998.jpg,,,,,,
书籍,帷幕,阿加莎·克里斯蒂,古典推理,wishlist,,古典推理、文学名著、经典,大侦探波洛的谢幕之战，以生命为代价完成对完美罪犯的终极审判。,经典文学名著 · 收录于《阅痕》书单,https://lain.bgm.tv/pic/cover/l/3e/10/411619_m8E7V.jpg,,,,,,
书籍,一个叫欧维的男人决定去死,巴克曼,温情治愈,wishlist,,温情治愈、文学名著、经典,一个固执刻板的孤独老头，被一群吵闹的邻居拯救并重新爱上人间的温情旅程。,经典文学名著 · 收录于《阅痕》书单,https://img1.doubanio.com/view/subject/l/public/s29071620.jpg,,,,,,
书籍,傲慢与偏见,简·奥斯汀,古典名著,wishlist,,古典名著、文学名著、经典,傲慢让别人无法来爱我，偏见让我无法去爱别人。达西与伊丽莎白的真爱和解。,经典文学名著 · 收录于《阅痕》书单,https://lain.bgm.tv/pic/cover/l/d2/85/426638_51raR.jpg,,,,,,
书籍,恶意,东野圭吾,心理推理,wishlist,,心理推理、文学名著、经典,就算赌上我这一生，我也要将你拉入无间地狱。毫无由来的深渊恶意。,经典文学名著 · 收录于《阅痕》书单,https://img2.doubanio.com/view/subject/l/public/s34092441.jpg,,,,,,
书籍,边城,沈从文,华语经典,wishlist,,华语经典、文学名著、经典,这个人也许永远不回来了，也许‘明天’回来！湘西茶峒的纯美风土与凄美爱恋。,经典文学名著 · 收录于《阅痕》书单,https://lain.bgm.tv/pic/cover/l/69/af/458438_5Co5t.jpg,,,,,,
书籍,斜阳,太宰治,日本文学,wishlist,,日本文学、文学名著、经典,在没落贵族的残照中，向旧道德决裂，用生命的微光进行最后的革命。,经典文学名著 · 收录于《阅痕》书单,https://lain.bgm.tv/pic/cover/l/17/e0/501590_ppwOL.jpg,,,,,,
书籍,基督山伯爵,大仲马,传奇冒险,wishlist,,传奇冒险、文学名著、经典,人类的一切智慧都包含在这四个字里面：‘等待’和‘希望’。快意恩仇的传奇史诗。,经典文学名著 · 收录于《阅痕》书单,https://lain.bgm.tv/pic/cover/l/f3/75/116740_5OoZG.jpg,,,,,,
书籍,人间失格,太宰治,日本文学,wishlist,,日本文学、文学名著、经典,生而为人，我很抱歉。叶藏以小丑的面具应付人间，在脆弱中走向毁灭。,经典文学名著 · 收录于《阅痕》书单,https://lain.bgm.tv/pic/cover/l/02/34/2176_2866n.jpg,,,,,,
书籍,ABC谋杀案,阿加莎·克里斯蒂,本格推理,wishlist,,本格推理、文学名著、经典,按照字母表顺序展开的连环谋杀，波洛用灰色脑细胞破解最巧妙的掩饰诡计。,经典文学名著 · 收录于《阅痕》书单,https://lain.bgm.tv/pic/cover/l/2b/c3/218090_H70Fk.jpg,,,,,,
书籍,春雪,三岛由纪夫,丰饶之海,wishlist,,丰饶之海、文学名著、经典,清显与聪子之间凄美禁忌的恋情，大正时代绚烂优雅又易碎的贵族挽歌。,经典文学名著 · 收录于《阅痕》书单,https://img3.doubanio.com/view/subject/l/public/s4418737.jpg,,,,,,
书籍,追风筝的人,胡赛尼,成长救赎,wishlist,,成长救赎、文学名著、经典,为你，千千万万遍。在喀布尔蓝天下的风筝与漫长一生的罪咎救赎。,经典文学名著 · 收录于《阅痕》书单,https://img1.doubanio.com/view/subject/l/public/s1727290.jpg,,,,,,
书籍,战争与和平,列夫·托尔斯泰,俄苏文学,wishlist,,俄苏文学、文学名著、经典,俄罗斯辽阔大地上五大家族的命运交织，人类历史长河与个人意志的史诗巨著。,经典文学名著 · 收录于《阅痕》书单,https://lain.bgm.tv/pic/cover/l/63/da/172940_jHsTY.jpg,,,,,,
书籍,生死疲劳,莫言,魔幻现实,wishlist,,魔幻现实、文学名著、经典,西门闹经历六道轮回转世为驴、牛、猪、狗、猴，见证半个世纪中国乡土风云变幻。,经典文学名著 · 收录于《阅痕》书单,https://img9.doubanio.com/view/subject/l/public/s35289336.jpg,,,,,,
书籍,谋杀启事,阿加莎·克里斯蒂,古典推理,wishlist,,古典推理、文学名著、经典,报纸上赫然刊登的谋杀预告游戏，马普尔小姐在宁静乡村中洞察人性隐秘。,经典文学名著 · 收录于《阅痕》书单,https://lain.bgm.tv/pic/cover/l/42/cf/410675_Vx37q.jpg,,,,,,
书籍,雾都孤儿,狄更斯,英国文学,wishlist,,英国文学、文学名著、经典,在十九世纪伦敦的阴暗底层与贼窝里，纯真少年奥利弗对善良与尊严的执着追求。,经典文学名著 · 收录于《阅痕》书单,https://lain.bgm.tv/pic/cover/l/94/0b/143159_b135f.jpg,,,,,,
书籍,人间椅子,江户川乱步,猎奇推理,wishlist,,猎奇推理、文学名著、经典,藏身于扶手椅中的制椅匠，在触觉与暗处的窥视中谱写惊悚奇异的幻觉物语。,经典文学名著 · 收录于《阅痕》书单,https://lain.bgm.tv/pic/cover/l/6a/a1/612863_HxOOQ.jpg,,,,,,
书籍,雪国,川端康成,新感觉派,wishlist,,新感觉派、文学名著、经典,穿过县界长长的隧道，便是雪国。夜空下一片白茫茫，驹子与岛村徒劳而纯粹的凄美物语。,经典文学名著 · 收录于《阅痕》书单,https://lain.bgm.tv/pic/cover/l/1a/12/366887_6e7e8.jpg,,,,,,
书籍,伊豆的舞女,川端康成,新感觉派,wishlist,,新感觉派、文学名著、经典,少年的孤独与伊豆山道上舞女熏子的纯真目光，洗净了青春所有阴翳的清冽散文诗。,经典文学名著 · 收录于《阅痕》书单,https://lain.bgm.tv/pic/cover/l/29/46/296767_0oKUU.jpg,,,,,,
游戏,艾尔登法环,FromSoftware · 宫崎英高 / 乔治·马丁,魂系神作,读完,5.0,年度最佳、魂系开放世界、交界地、宫崎英高、神作,落叶跳费，黄金树将庇护你我。愿引导之光与你同在，褪色者啊，成为艾尔登之王吧！,开放世界箱庭设计的最高巅峰。从宁姆格福的晨光到黄金树脚下的律动，交界地的每一寸土地都回荡着神话破灭的史诗挽歌。,https://cdn.akamai.steamstatic.com/steam/apps/1245620/library_600x900.jpg,2026-07-15,2026-08-10,Steam 平台 · 正版入库,展厅第5层 · 电子游戏神作馆,Steam 数字豪华版,
游戏,黑神话：悟空,游戏科学 Game Science · 冯骥 / 杨奇,动作角色扮演,读完,5.0,国产3A丰碑、东方神话、西游后传、动作RPG、大圣归来,踏过三界宝刹，阅尽九洲繁华。若不披上这身袈裟，唯恐负了这世间苍生。,国产 3A 游戏的划时代里程碑。顶级的东方魔幻美术、深邃的西游后传叙事与酣畅淋漓的棍法变身，圆了无数国人的大圣之梦。,https://cdn.akamai.steamstatic.com/steam/apps/2358720/library_600x900.jpg,2026-07-15,2026-08-10,Steam 平台 · 正版入库,展厅第5层 · 电子游戏神作馆,Steam 数字豪华版,
游戏,只狼：影逝二度,FromSoftware · 宫崎英高,硬核动作,读完,5.0,年度最佳、拼刀打铁、苇名弦一郎、硬核动作、断绝不死,犹豫就会败北！苇名一心。忍者的宿命，唯有侍奉唯一之主。,冷兵器打铁音律的极致快感。弹刀见招拆招的压迫感与唯美苍凉的苇名古国风貌，将武士道与不死宿命展现得淋漓尽致。,https://cdn.akamai.steamstatic.com/steam/apps/814380/library_600x900.jpg,2026-07-15,2026-08-10,Steam 平台 · 正版入库,展厅第5层 · 电子游戏神作馆,Steam 数字豪华版,
游戏,DARK SOULS™ III,FromSoftware · 宫崎英高,魂系神作,读完,5.0,黑魂3、传火时代、无火余灰、薪王们、魂系巅峰,灰烬大人，愿初火将您引向终焉。传火的漫长时代在此落幕。,黑魂三部曲的终极史诗篇章。传火祭祀场中回荡的管风琴声与洛斯里克高墙，将不死人的宿命升华为永恒赞歌。,https://cdn.akamai.steamstatic.com/steam/apps/374320/library_600x900.jpg,2026-07-15,2026-08-10,Steam 平台 · 正版入库,展厅第5层 · 电子游戏神作馆,Steam 数字豪华版,
游戏,DARK SOULS™: REMASTERED,FromSoftware,魂系始祖,读完,5.0,魂系鼻祖、赞美太阳、罗德兰、传火祭祀场,赞美太阳！罗德兰古国的立体地图设计，魂系梦开始的地方。,传火神话的开山之作。无缝垂直立体的罗德兰地图设计被奉为游戏关卡设计的无上教科书。,https://cdn.akamai.steamstatic.com/steam/apps/570940/library_600x900.jpg,2026-07-15,2026-08-10,Steam 平台 · 正版入库,展厅第5层 · 电子游戏神作馆,Steam 数字豪华版,
游戏,DARK SOULS™ II: Scholar of the First Sin,FromSoftware,魂系经典,读完,4.8,原罪学者、多兰古雷格、安迪尔、黑魂2,超越光明，超越黑暗。在受诅咒的命运之外，找寻全新的归途。,多兰古雷格王国的宏大悲剧，探讨人性诅咒与原罪深度的厚重史诗。,https://cdn.akamai.steamstatic.com/steam/apps/335300/library_600x900.jpg,2026-07-15,2026-08-10,Steam 平台 · 正版入库,展厅第5层 · 电子游戏神作馆,Steam 数字豪华版,
游戏,Devil May Cry 5,CAPCOM · 伊津野英昭,硬核动作,读完,4.9,动作天花板、CAPCOM、SSS连招、阎魔刀、华丽摇滚,抛弃所有平庸，以 SSS 级的华丽姿态撕碎恶魔！但丁、尼禄与维吉尔的宿命合奏。,动作游戏（ACT）领域的皇冠明珠。顶尖的 RE 引擎画面、深度极高的连招判定与暴风骤雨般的摇滚战斗。,https://cdn.akamai.steamstatic.com/steam/apps/601150/library_600x900.jpg,2026-07-15,2026-08-10,Steam 平台 · 正版入库,展厅第5层 · 电子游戏神作馆,Steam 数字豪华版,
游戏,剑星,SHIFT UP · 金亨泰,动作冒险,读完,4.8,剑星、SHIFT UP、伊芙、硬核动作、末世地球,伊芙降临荒废地球，以最优雅凌厉的剑技驱散孽奇拔的阴霾，拯救人类残存火种。,兼具顶尖动作打击反馈与华丽韩系美学的 3A 动作新作。极度爽快的完美招架与处决演出。,https://lain.bgm.tv/pic/cover/l/d2/ef/283357_ZChZh.jpg,2026-07-15,2026-08-10,Steam 平台 · 正版入库,展厅第5层 · 电子游戏神作馆,Steam 数字豪华版,
游戏,明末：渊虚之羽,灵泽科技,国风魂系动作,wishlist,4.8,明末蜀地、古蜀文明、国风魂系、三星堆、动作RPG,明末乱世，羽化怪病肆虐蜀地。无常少女拔剑斩妖，探寻古蜀文明与宿命秘辛！,备受期待的明末古蜀题材国风魂系动作大作。将三星堆、金沙古蜀文明与克苏鲁式羽化异变完美交融。,https://lain.bgm.tv/pic/cover/l/9b/29/498460_DFndm.jpg,2026-07-15,2026-08-10,Steam 平台 · 正版入库,展厅第5层 · 电子游戏神作馆,Steam 数字豪华版,
游戏,女神异闻录5皇家版,ATLUS · P-Studio,日系角色扮演,读完,5.0,P5天下第一、JRPG巅峰、心之怪盗团、潮酷美学、神作,夺取那些腐朽大人的扭曲欲望，在这个无可救药的世界中贯彻属于心之怪盗团的正义！Take Your Heart!,天下第一的 JRPG 殿堂神作。无与伦比的潮爆 UI 视觉语言、酸爵士配乐与白天高中生活、夜晚怪盗夺心双重人生的完美融合。,https://cdn.akamai.steamstatic.com/steam/apps/1687950/header.jpg,2026-07-15,2026-08-10,Steam 平台 · 正版入库,展厅第5层 · 电子游戏神作馆,Steam 数字豪华版,
游戏,女神异闻录3 Reload,ATLUS · P-Studio,日系角色扮演,读完,4.9,P3R、铭记死亡、影时间、ATLUS、神作重制,Memento Mori（铭记死亡）。在影时间中直面终焉与救赎，化作永恒的迎春花。,P3 系列的终极完全重制。深邃的生死哲学命题、鞑靼罗斯之塔探索与经典人格面具召唤，催人泪下的灵魂篇章。,https://cdn.akamai.steamstatic.com/steam/apps/2179850/library_600x900.jpg,2026-07-15,2026-08-10,Steam 平台 · 正版入库,展厅第5层 · 电子游戏神作馆,Steam 数字豪华版,
游戏,女神异闻录4 黄金版,ATLUS · P-Studio,日系角色扮演,读完,4.9,P4G、八十稻羽、深夜电视、真理追寻、黄金青春,拨开深夜电视的迷雾，追寻无可取代的羁绊与唯一的真实。,充满稻羽市乡村阳光与青春回忆的侦探物语。自称特别搜查队的伙伴们在电视世界中直面真实自我的温暖传奇。,https://cdn.akamai.steamstatic.com/steam/apps/1221250/library_600x900.jpg,2026-07-15,2026-08-10,Steam 平台 · 正版入库,展厅第5层 · 电子游戏神作馆,Steam 数字豪华版,
游戏,暗喻幻想：ReFantazio,ATLUS · Studio Zero · 桥野桂,日系角色扮演,读完,5.0,桥野桂、ATLUS、选举之王、年度RPG、幻想史诗,打破血统与种族的枷锁，在没有偏见的幻想世界中，为人民加冕为王！,桥野桂、副岛成记、目黑将司铁三角打造的全新幻想 RPG 巅峰。探讨焦虑与乌托邦政治选举的哲学巨作。,https://cdn.akamai.steamstatic.com/steam/apps/2670770/library_600x900.jpg,2026-07-15,2026-08-10,Steam 平台 · 正版入库,展厅第5层 · 电子游戏神作馆,Steam 数字豪华版,
游戏,神之天平（ASTLIBRA Revision）,KEIZO · DX Library,横版动作RPG,读完,5.0,神作、神级剧本、一人十四年、时间跨越、热血反转,跨越十四年的时光执念，与乌鸦嘉隆一同拨动命运的天平，向神明挥剑！,一人独立开发十四年的传世独立神作。无可挑剔的剧本层层反转、极度爽快的横版刷宝战斗与宏大的宿命交响。,https://cdn.akamai.steamstatic.com/steam/apps/1718570/library_600x900.jpg,2026-07-15,2026-08-10,Steam 平台 · 正版入库,展厅第5层 · 电子游戏神作馆,Steam 数字豪华版,
游戏,Granblue Fantasy: Relink,Cygames,日系动作共斗,读完,4.8,骑空团、Cygames、奥义连锁、日系共斗、王道冒险,向着星之岛伊斯塔鲁西亚扬帆！骑空团四人连携奥义，在云海之上斩落巨兽！,Cygames 匠心打磨的日式动作共斗佳作。极具冲击力的奥义连锁 Chain Burst 与王道冒险物语。,https://cdn.akamai.steamstatic.com/steam/apps/881020/library_600x900.jpg,2026-07-15,2026-08-10,Steam 平台 · 正版入库,展厅第5层 · 电子游戏神作馆,Steam 数字豪华版,
游戏,莱莎的炼金工房 ～常暗女王与秘密藏身处～,GUST · 光荣特库摩,日系炼金RPG,读完,4.8,莱莎、炼金工房、夏日冒险、治愈日常,库肯岛的夏日微风与炼金大锅，属于平凡少女不可思议的盛夏冒险！,炼金工房系列最畅销之作。充满乡村夏日惬意风情的探索采集与合成系统。,https://cdn.akamai.steamstatic.com/steam/apps/1152620/library_600x900.jpg,2026-07-15,2026-08-10,Steam 平台 · 正版入库,展厅第5层 · 电子游戏神作馆,Steam 数字豪华版,
游戏,杀戮尖塔,Mega Crit Games,肉鸽卡牌,读完,5.0,肉鸽神作、卡牌构筑、DBG鼻祖、策略巅峰、无尽爬塔,高塔的心脏仍在跳动，一次又一次构筑你的套牌向顶端发起冲击！,DBG（卡组构筑）肉鸽游戏的现代鼻祖与黄金标准。四种机制迥异的职业与近乎完美的数值平衡，造就了令人欲罢不能的爬塔体验。,https://cdn.akamai.steamstatic.com/steam/apps/646570/library_600x900.jpg,2026-07-15,2026-08-10,Steam 平台 · 正版入库,展厅第5层 · 电子游戏神作馆,Steam 数字豪华版,
游戏,杀戮尖塔 2,Mega Crit Games,肉鸽卡牌,wishlist,5.0,尖塔续作、肉鸽期待、卡牌神作、死灵术士,千年之后，高塔再次开启。死灵法师与全新遗物，迎接全新的爬塔传奇！,万众期待的爬塔正统续作。全新引擎打造，引入全新职业死灵术士、剧毒机制与跨时代卡牌联动。,https://cdn.akamai.steamstatic.com/steam/apps/2868840/library_600x900.jpg,2026-07-15,2026-08-10,Steam 平台 · 正版入库,展厅第5层 · 电子游戏神作馆,Steam 数字豪华版,
游戏,Hades,Supergiant Games,动作肉鸽,读完,5.0,动作肉鸽巅峰、希腊神话、扎格列欧斯、Supergiant,在冥界深渊中一次又一次逃脱，哪怕死亡也无法阻止寻找母亲的脚步！,将希腊神话群像剧本与动作肉鸽爽快打击感无缝融合的典范神作。每一次死亡都会推进全新剧情对话。,https://cdn.akamai.steamstatic.com/steam/apps/1145360/library_600x900.jpg,2026-07-15,2026-08-10,Steam 平台 · 正版入库,展厅第5层 · 电子游戏神作馆,Steam 数字豪华版,
游戏,Dead Cells,Motion Twin,横版肉鸽动作,读完,4.9,横版肉鸽、爽快打击、无头宿主、皇室城堡,菜就多练！翻滚、格挡、狂暴输出，在不断重生的牢房中杀出一条血路！,打击感与动作流畅度首屈一指的横版银河恶魔城肉鸽。百种武器搭配与细胞升级体系极具深度。,https://cdn.akamai.steamstatic.com/steam/apps/588650/library_600x900.jpg,2026-07-15,2026-08-10,Steam 平台 · 正版入库,展厅第5层 · 电子游戏神作馆,Steam 数字豪华版,
游戏,Hollow Knight,Team Cherry,银河恶魔城,读完,5.0,银河恶魔城巅峰、圣巢、小骑士、丝之歌、神作,没有可以思考的心智，没有可以屈服的意志。小骑士穿越圣巢废墟，封印终极瘟疫光芒。,银河恶魔城类型的无上丰碑。精雕细琢的昆虫王国地下世界、手绘哥特暗黑美学与富有挑战性的 BOSS 战体验。,https://cdn.akamai.steamstatic.com/steam/apps/367520/library_600x900.jpg,2026-07-15,2026-08-10,Steam 平台 · 正版入库,展厅第5层 · 电子游戏神作馆,Steam 数字豪华版,
游戏,Celeste,Extremely OK Games,平台跳跃神作,读完,5.0,TGA最佳影响力、硬核跳跃、战胜抑郁、神级配乐,深呼吸，你可以战胜心中的恐慌与阴暗面。登上塞莱斯特山顶吧，玛德琳！,关卡设计与心理叙事完美交融的神作。通过攀登险峻雪山的硬核跳跃，帮助无数抑郁与焦虑症患者战胜心魔。,https://cdn.akamai.steamstatic.com/steam/apps/504230/library_600x900.jpg,2026-07-15,2026-08-10,Steam 平台 · 正版入库,展厅第5层 · 电子游戏神作馆,Steam 数字豪华版,
游戏,挺进地牢,Dodge Roll,弹幕射击肉鸽,读完,4.9,弹幕肉鸽、消灭过去、翻滚无敌、像素射击,翻滚规避弹幕，消灭过去之枪！在无尽地牢中收集百种枪械狂欢！,将弹幕射击与武器创意发挥到极致的像素肉鸽。翻滚无敌帧与掀桌掩体的快感。,https://cdn.akamai.steamstatic.com/steam/apps/311690/library_600x900.jpg,2026-07-15,2026-08-10,Steam 平台 · 正版入库,展厅第5层 · 电子游戏神作馆,Steam 数字豪华版,
游戏,土豆兄弟(Brotato),Blobfish,爽快割草肉鸽,读完,4.8,割草神作、六枪土豆、上头解压、构筑狂欢,手持六把加特林，在疯狂外星虫潮中横扫千军！极致解压的五分钟爽快割草。,极简画面下蕴含无尽策略深度的自走割草肉鸽神作。,https://cdn.akamai.steamstatic.com/steam/apps/1942280/library_600x900.jpg,2026-07-15,2026-08-10,Steam 平台 · 正版入库,展厅第5层 · 电子游戏神作馆,Steam 数字豪华版,
游戏,苍翼：混沌效应,91Act,横版动作肉鸽,读完,4.8,苍翼默示录、丝滑动作、赛博肉鸽、横版连招,潜入意识空间，在混沌霓虹中打出无缝连段与潜能质变！,格斗游戏级丝滑手感的横版动作肉鸽。苍翼默示录经典角色与潜能继承系统。,https://cdn.akamai.steamstatic.com/steam/apps/2273430/library_600x900.jpg,2026-07-15,2026-08-10,Steam 平台 · 正版入库,展厅第5层 · 电子游戏神作馆,Steam 数字豪华版,
游戏,Library Of Ruina,Project Moon,卡牌策略RPG,读完,4.9,Project Moon、罗兰、都市残酷、卡牌策略,愿你在此找到想要的书。在都市的残酷齿轮下，司书罗兰与安吉拉的舞台！,独一无二的脑叶公司世界观衍生神作。极具深度的骰子卡牌拼点与宏大的都市悲喜剧。,https://cdn.akamai.steamstatic.com/steam/apps/1256670/library_600x900.jpg,2026-07-15,2026-08-10,Steam 平台 · 正版入库,展厅第5层 · 电子游戏神作馆,Steam 数字豪华版,
游戏,Limbus Company,Project Moon,回合制策略RPG,读完,4.8,边狱公司、罪人巴士、但丁、都市物语,引导十二位罪人，穿梭于都市二十六个巢区，回收金枝！,黑暗哥特风格的都市罪人救赎物语。硬核硬派的回合拼点与深度群像叙事。,https://cdn.akamai.steamstatic.com/steam/apps/1973530/library_600x900.jpg,2026-07-15,2026-08-10,Steam 平台 · 正版入库,展厅第5层 · 电子游戏神作馆,Steam 数字豪华版,
游戏,To the Moon《去月球》,Freebird Games · 高瞰,叙事催泪神作,读完,5.0,催泪天花板、神级配乐、去月球、纯真爱恋、心灵洗礼,如果我迷路了，我们就在月亮上相见！折一只纸兔子，跨越记忆的长河奔向你。,游戏艺术史上最纯粹的心灵震撼。用钢琴声和像素画面谱写了一曲关于阿斯伯格综合征、承诺与跨越生死的至高爱之诗。,https://cdn.akamai.steamstatic.com/steam/apps/206420/library_600x900.jpg,2026-07-15,2026-08-10,Steam 平台 · 正版入库,展厅第5层 · 电子游戏神作馆,Steam 数字豪华版,
游戏,Finding Paradise《寻找天堂》,Freebird Games · 高瞰,叙事催泪神作,读完,5.0,寻找天堂、Freebird、自我和解、催泪感动,即便一生充满平淡与遗憾，我也曾拥有过属于自己的幻想之翼与真实人生。,去月球正统续作。探讨与自我和解、童年幻想朋友菲耶与接受不完美人生的温柔篇章。,https://cdn.akamai.steamstatic.com/steam/apps/337340/library_600x900.jpg,2026-07-15,2026-08-10,Steam 平台 · 正版入库,展厅第5层 · 电子游戏神作馆,Steam 数字豪华版,
游戏,Impostor Factory《影子工厂》,Freebird Games · 高瞰,悬疑叙事,读完,4.8,影子工厂、Freebird、悬疑科幻、时间轮回,在暴雨古宅与量子蝴蝶翅膀之间，用一杯红茶倒映出宇宙全息生命的悲喜。,Freebird 系列第三部曲。融入悬疑谋杀与科幻轮回，揭示记忆修改技术的起源与母爱的深邃奇迹。,https://cdn.akamai.steamstatic.com/steam/apps/1182620/library_600x900.jpg,2026-07-15,2026-08-10,Steam 平台 · 正版入库,展厅第5层 · 电子游戏神作馆,Steam 数字豪华版,
游戏,A Bird Story,Freebird Games · 高瞰,唯美治愈,读完,4.8,无字短篇、唯美治愈、童真梦境、温暖,无字的长卷，一个小男孩与一只断翅小鸟的纯真童梦飞行。,没有任何台词纯靠画面与音乐推动的唯美短篇。连接《去月球》与《寻找天堂》的心灵纽带。,https://cdn.akamai.steamstatic.com/steam/apps/265610/library_600x900.jpg,2026-07-15,2026-08-10,Steam 平台 · 正版入库,展厅第5层 · 电子游戏神作馆,Steam 数字豪华版,
游戏,ATRI -My Dear Moments-,Frontwing · 枕社,视觉小说,读完,4.9,ATRI、亚托莉、沉没末日、仿生少女、催泪神作,即便地表沉入海底，即便机能停止运转，我也要为你献上最后四十五天的璀璨微笑。,末日与仿生少女相伴的心灵物语。探讨情感与灵魂存在意义的催泪视觉小说巅峰。,https://cdn.akamai.steamstatic.com/steam/apps/1290260/library_600x900.jpg,2026-07-15,2026-08-10,Steam 平台 · 正版入库,展厅第5层 · 电子游戏神作馆,Steam 数字豪华版,
游戏,Ori and the Will of the Wisps,Moon Studios,唯美动作冒险,读完,5.0,视听艺术、奥日2、唯美动作、萤火意志、催泪感动,为了守护森林与挚友库，微光化作永恒的神圣古树，拥抱光明。,艺术品级别的视听盛宴。流畅如丝绸的位移手感与直击心灵的交响乐，将光与暗的牺牲救赎演绎到极致。,https://cdn.akamai.steamstatic.com/steam/apps/1057090/library_600x900.jpg,2026-07-15,2026-08-10,Steam 平台 · 正版入库,展厅第5层 · 电子游戏神作馆,Steam 数字豪华版,
游戏,Ori and the Blind Forest,Moon Studios,唯美动作冒险,读完,4.9,水彩童话、尼贝尔森林、母爱挽歌、唯美跳跃,在尼贝尔森林枯萎的黑暗中，小精灵奥日点亮希望的第一缕微光。,如同在动态水彩画中奔跑的艺术巨作。开场十分钟母子情深的动画让无数玩家潸然泪下。,https://cdn.akamai.steamstatic.com/steam/apps/387290/library_600x900.jpg,2026-07-15,2026-08-10,Steam 平台 · 正版入库,展厅第5层 · 电子游戏神作馆,Steam 数字豪华版,
游戏,赛博朋克 2077,CD PROJEKT RED,开放世界RPG,读完,4.9,夜之城、赛博朋克、强尼银手、往日之影、CDPR,夜之城没有活着的传奇。大闹一场吧V，把荒坂塔点燃，敬所有的来生酒！,科幻赛博朋克视觉艺术与沉浸叙事的集大成之作。强尼·银手的意识寄生与夜之城冷血资本下的悲壮挽歌。,https://cdn.akamai.steamstatic.com/steam/apps/1091500/library_600x900.jpg,2026-07-15,2026-08-10,Steam 平台 · 正版入库,展厅第5层 · 电子游戏神作馆,Steam 数字豪华版,
游戏,巫师 3：狂猎,CD PROJEKT RED,开放世界RPG,读完,5.0,年度最佳、白狼、欧美RPG巅峰、石之心、血与酒,恶就是恶，无论是大恶还是小恶，如果要我二选一，我宁愿什么都不选。白狼杰洛特与希里。,欧美 RPG 叙事不可逾越的高山。从血腥男爵的悲剧到陶森特的阳光葡萄园，展现了最真实的人性灰度与史诗冒险。,https://cdn.akamai.steamstatic.com/steam/apps/292030/library_600x900.jpg,2026-07-15,2026-08-10,Steam 平台 · 正版入库,展厅第5层 · 电子游戏神作馆,Steam 数字豪华版,
游戏,底特律：化身为人类,Quantic Dream,互动电影叙事,读完,4.9,互动电影、仿生人觉醒、康纳酱、自由之声、蝴蝶效应,我是一个有感觉的生命，我不是机器。康纳、马库斯与卡拉的觉醒之歌。,互动电影游戏的巅峰代表作。庞大复杂的蝴蝶效应分支树与探讨仿生人自我意识、人权与自由的深刻命题。,https://cdn.akamai.steamstatic.com/steam/apps/1222140/library_600x900.jpg,2026-07-15,2026-08-10,Steam 平台 · 正版入库,展厅第5层 · 电子游戏神作馆,Steam 数字豪华版,
游戏,饥荒,Klei Entertainment,生存沙盒,读完,4.9,硬核生存、哥特手绘、San值狂掉、联机神作,在永夜与疯癫降临前点燃火把。活下去，在这个充满哥特荒诞的荒野世界！,暗黑手绘哥特风生存沙盒的巅峰。理智值（San值）与四季生物群系的机制让人沉浸其中数百小时。,https://cdn.akamai.steamstatic.com/steam/apps/219740/library_600x900.jpg,2026-07-15,2026-08-10,Steam 平台 · 正版入库,展厅第5层 · 电子游戏神作馆,Steam 数字豪华版,
游戏,缺氧,Klei Entertainment,硬核模拟经营,读完,4.9,硬核科学、自动化工程、Klei、小行星殖民,热力学定律在小行星内部运作。调配每一口氧气与热量，带领复制人建立太空文明！,硬核物理热力学与自动化工程模拟的天花板。管道、电路与气体液体的流动构建了无与伦比的工业美学。,https://cdn.akamai.steamstatic.com/steam/apps/457140/library_600x900.jpg,2026-07-15,2026-08-10,Steam 平台 · 正版入库,展厅第5层 · 电子游戏神作馆,Steam 数字豪华版,
游戏,极限竞速：地平线 4,Playground Games,竞速汽车文化,读完,4.9,地平线4、四季更迭、英伦漫游、赛车巅峰,四季更迭的英伦风光，在爱丁堡的落叶与雪原上肆意漂移，享受纯粹的驾驶浪漫！,开放世界赛车游戏的殿堂标杆。如画的英伦乡间与上百款超跑的声浪交响。,https://lain.bgm.tv/pic/cover/l/c9/e2/471932_uHoWl.jpg,2026-07-15,2026-08-10,Steam 平台 · 正版入库,展厅第5层 · 电子游戏神作馆,Steam 数字豪华版,
游戏,《猎人：荒野的召唤™》,Expansive Worlds,荒野沉浸模拟,读完,4.8,大自然漫步、荒野召唤、极致风景、沉浸模拟、治愈养生,在莱顿湖区的晨雾与林风中驻足，倾听荒野最纯净的呼吸与生命律动。,大自然风光沉浸感第一的荒野漫步模拟器。极其逼真的植被光影、动物足迹追踪与风向气味系统。,https://cdn.akamai.steamstatic.com/steam/apps/518790/library_600x900.jpg,2026-07-15,2026-08-10,Steam 平台 · 正版入库,展厅第5层 · 电子游戏神作馆,Steam 数字豪华版,
游戏,房产达人,Frozen District,沉浸装修模拟,读完,4.8,极度解压、房屋翻新、室内设计、模拟经营,挥动大锤砸碎旧墙，铺设全新地板与暖光。亲手打造独一无二的心灵居所！,极度解压上头的房屋翻新改造模拟器。从破旧瓦房到奢华别墅的成就感满满。,https://cdn.akamai.steamstatic.com/steam/apps/613100/library_600x900.jpg,2026-07-15,2026-08-10,Steam 平台 · 正版入库,展厅第5层 · 电子游戏神作馆,Steam 数字豪华版,
游戏,冒险村物语 (Dungeon Village),开罗游戏 Kairosoft,经典像素模拟,读完,4.9,开罗游戏、像素模拟、勇者冒险、经典治愈,在村口建立旅馆与武器店，吸引勇者们定居，打造世界第一的冒险之村！,开罗像素模拟经营的经典代表作。看着冒险者们升级装备、讨伐巨龙并入住村庄，充满纯粹的养成快乐。,https://cdn.akamai.steamstatic.com/steam/apps/1859360/library_600x900.jpg,2026-07-15,2026-08-10,Steam 平台 · 正版入库,展厅第5层 · 电子游戏神作馆,Steam 数字豪华版,
游戏,Beholder,Warm Lamp Games,反乌托邦道德抉择,读完,4.8,反乌托邦、道德抉择、极权阴影、人性拷问,在极权公寓的锁孔后窥视住户。服从法令还是拯救良知？每一次告密都在拷问人性。,冷峻的反乌托邦道德抉择神作。在生存重压与人性善念之间的艰难博弈。,https://cdn.akamai.steamstatic.com/steam/apps/475550/library_600x900.jpg,2026-07-15,2026-08-10,Steam 平台 · 正版入库,展厅第5层 · 电子游戏神作馆,Steam 数字豪华版,
游戏,烟火,拾英工作室,中式悬疑解谜,读完,5.0,中式恐怖、拾英工作室、田芳芳、催泪悬疑、时代悲悯,愿你此去，前程似锦，再无羁绊。送林理洵与田芳芳最后一程烟火。,最具中式人情味与时代悲悯感的悬疑叙事神作。凄美的水彩国风与直击人心的乡村迷信悲剧。,https://cdn.akamai.steamstatic.com/steam/apps/1509960/library_600x900.jpg,2026-07-15,2026-08-10,Steam 平台 · 正版入库,展厅第5层 · 电子游戏神作馆,Steam 数字豪华版,
游戏,黑森町绮谭,拾英工作室,日系悬疑解谜,读完,4.9,昭和物语、拾英工作室、妖怪奇谭、治愈感动,昭和泡沫时代的电车与妖怪物语。黑森町的樱花树下，告别过往的执念。,拾英工作室开山之作。浪漫奇幻与现实历史相交融的叙事神作。,https://cdn.akamai.steamstatic.com/steam/apps/1093910/library_600x900.jpg,2026-07-15,2026-08-10,Steam 平台 · 正版入库,展厅第5层 · 电子游戏神作馆,Steam 数字豪华版,
游戏,小小梦魇 强化版,Tarsier Studios,悬疑解谜恐怖,读完,4.9,心理恐怖、黄色雨衣小六、环境叙事、艺术解谜,黄色雨衣小六在贪颚号巨轮中穿行。饥饿与深渊之下，逃离扭曲成人的诡异梦魇。,微缩视角下的心理恐怖神作。精妙绝伦的环境叙事与无台词压迫感，探讨童年恐惧与人性异化。,https://cdn.akamai.steamstatic.com/steam/apps/424840/header.jpg,2026-07-15,2026-08-10,Steam 平台 · 正版入库,展厅第5层 · 电子游戏神作馆,Steam 数字豪华版,
游戏,小小梦魇2,Tarsier Studios,悬疑解谜恐怖,读完,4.9,小小梦魇2、纸袋头摩诺、电视电波、背叛轮回,纸袋头少年摩诺牵起小六的手，穿越被信号塔扭曲的苍白之城。,直击心灵的续作巅峰。令人心碎的终极反转与宿命循环。,https://cdn.akamai.steamstatic.com/steam/apps/860510/library_600x900.jpg,2026-07-15,2026-08-10,Steam 平台 · 正版入库,展厅第5层 · 电子游戏神作馆,Steam 数字豪华版,
游戏,Ib,kouri,日系RPG解谜,读完,5.0,四大名著RPG、红黄蓝玫瑰、Garry、催泪经典,红黄蓝三色玫瑰，与 Garry 一起在格鲁特纳的美术馆中逃离无尽画布，永恒的约定。,四大经典 RPG 恐怖解谜之首。充满艺术感的美术馆谜题与深深打动无数人的角色羁绊。,https://cdn.akamai.steamstatic.com/steam/apps/1901370/library_600x900.jpg,2026-07-15,2026-08-10,Steam 平台 · 正版入库,展厅第5层 · 电子游戏神作馆,Steam 数字豪华版,
游戏,港诡实录,Ghostpie Games,中式民俗恐怖,读完,4.6,港风恐怖、九龙城寨、粤剧民俗、佳慧,九龙城寨的狭窄弄堂与粤剧回响。嘉慧，不要回头！,充满老香港都市传说与九龙城寨民俗文化的沉浸式恐怖解谜。,https://cdn.akamai.steamstatic.com/steam/apps/1256760/library_600x900.jpg,2026-07-15,2026-08-10,Steam 平台 · 正版入库,展厅第5层 · 电子游戏神作馆,Steam 数字豪华版,
游戏,Dying Light,Techland,开放世界丧尸跑酷,读完,4.8,哈兰跑酷、夜魔追逐、抓钩起飞、丧尸生存,好夜晚，好运气。在哈兰市的屋顶上飞跃，夜晚降临后与夜魔展开生死追逐！,丧尸跑酷题材的巅峰代表作。白天搜刮物资夜晚狂奔逃命的极致肾上腺素刺激。,https://cdn.akamai.steamstatic.com/steam/apps/239140/library_600x900.jpg,2026-07-15,2026-08-10,Steam 平台 · 正版入库,展厅第5层 · 电子游戏神作馆,Steam 数字豪华版,
游戏,雅皮士精神,Baroque Decay,职场像素恐怖,读完,4.8,职场恐怖、像素解谜、辛特拉女巫、荒诞讽刺,入职世界第一巨头辛特拉集团的第一天，任务是猎杀盘踞在公司的女巫！,荒诞职场讽刺与像素心理恐怖的绝妙融合。九十年代复古美学与深层反资本隐喻。,https://cdn.akamai.steamstatic.com/steam/apps/485610/library_600x900.jpg,2026-07-15,2026-08-10,Steam 平台 · 正版入库,展厅第5层 · 电子游戏神作馆,Steam 数字豪华版,
游戏,灰烬之棺 Coffin of Ashes,二律背反,日系悬疑解谜,读完,4.7,日系解谜、暴雨古宅、多结局、悬疑微恐,暴雨夜被困于神秘古宅，在血色与灰烬的记忆中找寻失落的真相。,氛围极佳的日系微恐 RPG 解谜游戏。优美的立绘配乐与多结局救赎。,https://cdn.akamai.steamstatic.com/steam/apps/546080/library_600x900.jpg,2026-07-15,2026-08-10,Steam 平台 · 正版入库,展厅第5层 · 电子游戏神作馆,Steam 数字豪华版,
游戏,白色情人节：恐怖学校,SONNORI,第一人称恐怖,读完,4.7,校园恐怖、深夜逃生、东方惊悚、经典重制,深夜潜入延斗高中送糖果，却陷入恶灵与疯狂守卫巡逻的致命迷宫！,经典东方校园恐怖的先驱之作。无武器反抗机制带来的极致惊悚逃生体验。,https://cdn.akamai.steamstatic.com/steam/apps/387240/library_600x900.jpg,2026-07-15,2026-08-10,Steam 平台 · 正版入库,展厅第5层 · 电子游戏神作馆,Steam 数字豪华版,
游戏,Lakeview Cabin Collection,Roope Tamminen,复古砍杀解谜,读完,4.7,复古恐怖、B级片解谜、脑洞大开、湖景小屋,致敬八十年代经典 B 级恐怖电影。用场景中一切荒谬道具反杀面具杀人魔！,脑洞极大、解法极度自由的像素沙盒恐怖解谜神作。,https://cdn.akamai.steamstatic.com/steam/apps/356570/library_600x900.jpg,2026-07-15,2026-08-10,Steam 平台 · 正版入库,展厅第5层 · 电子游戏神作馆,Steam 数字豪华版,
游戏,Plants vs. Zombies: Game of the Year,PopCap Games · 宝开,经典塔防,读完,5.0,童年神作、PopCap巅峰、戴夫疯狂、经典塔防,屋顶上的玉米加农炮与后院泳池的向日葵。There's a Zombie on your Lawn!,承载整整一代人童年欢笑的塔防艺术极品。无懈可击的节奏平衡与充满创意的植物僵尸设计。,https://lain.bgm.tv/pic/cover/l/53/7d/1859_GM4r4.jpg,2026-07-15,2026-08-10,Steam 平台 · 正版入库,展厅第5层 · 电子游戏神作馆,Steam 数字豪华版,
游戏,Kingdom Rush,Ironhide Game Studio,经典策略塔防,读完,5.0,塔防教科书、Ironhide、为了国王、策略巅峰,For the King! 弓箭塔、法师塔与圣骑士，誓死捍卫利尼维亚王国的荣耀！,被誉为传统策略塔防顶峰的乌拉圭独立神作。极具深度的英雄操控与地形战术配置。,https://cdn.akamai.steamstatic.com/steam/apps/246420/library_600x900.jpg,2026-07-15,2026-08-10,Steam 平台 · 正版入库,展厅第5层 · 电子游戏神作馆,Steam 数字豪华版,
游戏,Kingdom Rush Frontiers,Ironhide Game Studio,经典策略塔防,读完,5.0,前线突破、外星异形、沙漠丛林、塔防神作,迎击沙漠强盗与丛林巨怪！全面进阶的英雄技能与防御工事。,王国保卫战系列集大成之作。更多变的地形危机与更刺激的 BOSS 决战。,https://cdn.akamai.steamstatic.com/steam/apps/246580/library_600x900.jpg,2026-07-15,2026-08-10,Steam 平台 · 正版入库,展厅第5层 · 电子游戏神作馆,Steam 数字豪华版,
游戏,雀魂麻将,猫粮工作室 · 悠星网络,日麻竞技,读完,4.8,雀魂、立直一发、国士无双、日麻对局,立直！一发！自摸！断幺九也能点燃役满的牌桌奇迹。,将日式立直麻将与二次元角色立绘完美结合的现象级竞技棋牌。,https://lain.bgm.tv/pic/cover/l/25/e4/250372_lr1qD.jpg,2026-07-15,2026-08-10,Steam 平台 · 正版入库,展厅第5层 · 电子游戏神作馆,Steam 数字豪华版,
游戏,人类一败涂地 / Human Fall Flat,No Brakes Games,物理合家欢,读完,4.8,面条人、沙雕开黑、物理引擎、爆笑解压,摇摇晃晃的面条人，与好友互相拉扯坠落悬崖的欢笑时光。,软体物理引擎带来的纯粹友谊与欢笑。最适合与朋友一起开黑解谜的解压神作。,https://cdn.akamai.steamstatic.com/steam/apps/477160/library_600x900.jpg,2026-07-15,2026-08-10,Steam 平台 · 正版入库,展厅第5层 · 电子游戏神作馆,Steam 数字豪华版,
游戏,Goose Goose Duck,Gaggle Studios,社交推理,读完,4.8,鹅鸭杀、鹈鹕吃人、社交推理、开黑神器,我是好鹅！别刀我！充满心机与爆笑的太空飞船社交推理派对。,丰富职业设定与语音互动的现象级社交推理合家欢神作。,https://cdn.akamai.steamstatic.com/steam/apps/1568590/header.jpg,2026-07-15,2026-08-10,Steam 平台 · 正版入库,展厅第5层 · 电子游戏神作馆,Steam 数字豪华版,
游戏,Among Us,Innersloth,社交推理,读完,4.8,太空狼人杀、内鬼冒充、紧急会议、经典开黑,内鬼就在我们之中！修理飞船、跳通风管，展开斗智斗勇的紧急会议投票。,掀起全球太空狼人杀狂潮的经典独立社交推理神作。,https://cdn.akamai.steamstatic.com/steam/apps/945360/library_600x900.jpg,2026-07-15,2026-08-10,Steam 平台 · 正版入库,展厅第5层 · 电子游戏神作馆,Steam 数字豪华版,
游戏,Counter-Strike 2,Valve,战术射击竞技,读完,4.8,CS2、V社电竞、急停爆头、战术竞技,一颗闪光弹，一次冷静的急停爆头，为了团队拆除炸弹的最后一秒！,FPS 电子竞技的不朽基石。起源2引擎下的全新烟雾物理与极致硬核枪法对决。,https://cdn.akamai.steamstatic.com/steam/apps/730/library_600x900.jpg,2026-07-15,2026-08-10,Steam 平台 · 正版入库,展厅第5层 · 电子游戏神作馆,Steam 数字豪华版,
游戏,使命召唤®,Activision,电影化FPS,读完,4.8,使命召唤、普莱斯队长、现代战争、电影化射击,"Bravo Six, Going Dark. 普莱斯队长带领第141特遣队深入敌后！",电影化第一人称射击叙事的教科书巅峰。震撼的宏大战争场面与绝佳手感。,https://cdn.akamai.steamstatic.com/steam/apps/393080/header.jpg,2026-07-15,2026-08-10,Steam 平台 · 正版入库,展厅第5层 · 电子游戏神作馆,Steam 数字豪华版,
游戏,《战地风云 5》,DICE · EA,二战战场模拟,读完,4.8,二战战场、寒霜引擎、大战场协同、破坏物理,在鹿特丹的断壁残垣与北非沙漠中冲锋，体验二战浩瀚沙场的震撼与残酷。,寒霜引擎打造的顶级二战战场视听。破坏物理效果与大战场兵种协同作战的极致体验。,https://cdn.akamai.steamstatic.com/steam/apps/1238840/library_600x900.jpg,2026-07-15,2026-08-10,Steam 平台 · 正版入库,展厅第5层 · 电子游戏神作馆,Steam 数字豪华版,
游戏,Apex Legends,Respawn Entertainment,战术英雄大逃杀,读完,4.8,身法射击、英雄战术、诸王峡谷、丝滑滑铲,滑铲、滑索、身法起飞！捍卫者的荣耀属于默契无间的诸王峡谷三人小队！,重生工作室打造的高机动性英雄战术射击巅峰。极度丝滑的身法滑铲与快节奏团战。,https://cdn.akamai.steamstatic.com/steam/apps/1172470/library_600x900.jpg,2026-07-15,2026-08-10,Steam 平台 · 正版入库,展厅第5层 · 电子游戏神作馆,Steam 数字豪华版,
游戏,彩虹六号：围攻,Ubisoft Montreal,室内战术CQB,读完,4.8,育碧神作、战术CQB、信息博弈、可破坏环境,爆破加固墙体，小车侦察点位。毫厘之间的信息战与垂直进攻战术！,CQB 室内近距离战术射击的绝对王者。完全可破坏的墙体物理与干员技能博弈。,https://cdn.akamai.steamstatic.com/steam/apps/359550/library_600x900.jpg,2026-07-15,2026-08-10,Steam 平台 · 正版入库,展厅第5层 · 电子游戏神作馆,Steam 数字豪华版,
影视,蜘蛛侠：崭新之日,漫威影业 · 索尼电影,超级英雄,读完,4.8,漫威影业、超级英雄、崭新之日、街头英雄、成长,能力越大，责任越大。无论世界如何遗忘彼得·帕克，蜘蛛侠永远守护纽约的晨曦。,剥离了斯塔克工业高科技光环，彼得·帕克在简陋公寓中缝制新战衣，重拾街头英雄的坚韧与初心。,https://lain.bgm.tv/pic/cover/l/2d/86/420898_M4KCk.jpg,2026-07-01,2026-07-15,院线公映 · 影院观影,展厅第4层 · 影音光影展区,IMAX / 杜比影院,
影视,哪吒之魔童闹海,饺子 · 可可豆动画,神话国漫,读完,4.9,国漫神作、神话史诗、魔童降世续集、逆天改命、视觉震撼,我命由我不由天，是魔是仙，我自己说了才算！四海龙族受死！,国产动画电影巅峰巨制。哪吒与敖丙肉身虽灭但魂魄尚存，重塑肉身与四海龙王掀起撼天动地的终极决战。,https://lain.bgm.tv/pic/cover/l/37/d4/537858_yQh8W.jpg,2026-07-01,2026-07-15,院线公映 · 影院观影,展厅第4层 · 影音光影展区,IMAX / 杜比影院,
影视,肖申克的救赎,弗兰克·德拉邦特,剧情经典,读完,5.0,影史第一、自由意志、希望救赎、经典神作、人性史诗,有些鸟儿是关不住的，它们的每一片羽毛都闪耀着自由的光辉。希望是件好东西，也许是最好的东西。,影史无可争议的无冕之王。安迪用一把小石锤在十九年里凿开肖申克监狱的高墙，暴雨中拥抱自由的瞬间成为人类电影史的永恒丰碑。,https://img9.doubanio.com/view/photo/l/public/p1435894655.jpg,2026-07-01,2026-07-15,院线公映 · 影院观影,展厅第4层 · 影音光影展区,IMAX / 杜比影院,
影视,哈尔的移动城堡,宫崎骏 · 吉卜力工作室,奇幻治愈,读完,5.0,宫崎骏、吉卜力、浪漫奇幻、反战治愈、童话史诗,在茫茫人海中相遇，我已经找了你很久很久。世界这么大，人生这么长，总会有一个人，让你想要温柔对待。,宫崎骏最唯美浪漫的心灵寓言。即使外表衰老如风烛残年，真挚勇敢的心灵也能让沉重钢铁城堡翱翔于澄澈星空与花海。,https://lain.bgm.tv/pic/cover/l/95/0a/312_LmAan.jpg,2026-07-01,2026-07-15,院线公映 · 影院观影,展厅第4层 · 影音光影展区,IMAX / 杜比影院,
影视,星际穿越,克里斯托弗·诺兰,硬核科幻,读完,5.0,诺兰神作、硬核科幻、黑洞时空、父女深情、五维空间,不要温和地走进那个良夜。爱是唯一可以超越时间与空间维度的力量。,硬核相对论物理与极致父女亲情的壮丽交响。穿越五维超正方体拨动书架手表的秒针，浩瀚宇宙在人类的情感面前亦化作回音。,https://lain.bgm.tv/pic/cover/l/69/05/114365_O26a7.jpg,2026-07-01,2026-07-15,院线公映 · 影院观影,展厅第4层 · 影音光影展区,IMAX / 杜比影院,
影视,盗梦空间,克里斯托弗·诺兰,悬疑科幻,读完,5.0,诺兰神作、潜意识、梦境架构、极致烧脑、哲学悬疑,最坚韧的寄生虫是什么？是想法。一个想法可以筑起城市，也可以改变世界。图腾旋转不息，但我们已回到真实。,多层梦境嵌套与时间差叙事的结构奇迹。旋转的陀螺成为了整个电影史最迷人的哲学隐喻。,https://lain.bgm.tv/pic/cover/l/67/85/24057_P7DQx.jpg,2026-07-01,2026-07-15,院线公映 · 影院观影,展厅第4层 · 影音光影展区,IMAX / 杜比影院,
影视,疯狂动物城,拜伦·霍华德 · 迪士尼,动画喜剧,读完,4.9,迪士尼、乌托邦、爆笑治愈、打破偏见、狐兔CP,生活总会有点不顺心，但无论你是何种动物，改变都从你开始。Try Everything!,迪士尼兼具极致娱乐性与深刻社会多元包容思辨的现代经典。兔朱迪与狐尼克的乌托邦冒险充满灵动与温暖。,https://lain.bgm.tv/pic/cover/l/8e/4f/460021_aFU0A.jpg,2026-07-01,2026-07-15,院线公映 · 影院观影,展厅第4层 · 影音光影展区,IMAX / 杜比影院,
影视,教父,弗朗西斯·福特·科波拉,黑帮史诗,读完,5.0,影史巅峰、黑帮史诗、权力圣经、柯里昂家族、教父,伟大的人不是生来就伟大的，而是在成长过程中展现其伟大的。永远不要让别人知道你在想什么。,男人的圣经，电影美学的教科书。柯里昂家族在光影暗调中的沉浮与决断，构筑了人类权力与家庭责任的最冷峻赞歌。,https://lain.bgm.tv/pic/cover/l/1d/81/64965_8c3K2.jpg,2026-07-01,2026-07-15,院线公映 · 影院观影,展厅第4层 · 影音光影展区,IMAX / 杜比影院,
影视,功夫,周星驰,武侠动作,读完,4.9,周星驰、武侠巅峰、动作喜剧、童年梦想、如来神掌,想学啊？我教你啊。一曲肝肠断，天涯何处觅知音。,周星驰无厘头与传统武侠浪漫美学的集大成之作。从猪笼城寨的市井烟火到如来神掌化作彩蝶，充满了小人物对纯真童梦的守候。,https://lain.bgm.tv/pic/cover/l/61/f4/251853_k9OgZ.jpg,2026-07-01,2026-07-15,院线公映 · 影院观影,展厅第4层 · 影音光影展区,IMAX / 杜比影院,
影视,新世纪福音战士新剧场版：终,庵野秀明 · Khara,科幻哲学,读完,5.0,EVA终章、神作电影、庵野秀明、告别EVA、哲学心智,不能逃避，面对人与人之间的AT力场，向所有的福音战士告别，再见所有的Evangelion。,跨越四分之一个世纪的青春终章。庵野秀明用最真诚的成年人笔触，打破了虚幻的避难所，教我们走出忧郁，拥抱真实的人间与现实世界。,https://lain.bgm.tv/pic/cover/l/fe/45/6049_zy52O.jpg,2026-07-01,2026-07-15,院线公映 · 影院观影,展厅第4层 · 影音光影展区,IMAX / 杜比影院,
影视,给阿嘛的情书,闽南纪实影音,温情纪录,读完,4.9,亲情纪录、闽南古厝、阿嘛的爱、岁月温情、人间烟火,阿嘛留下的不仅是摇椅与古厝的风，更是流淌在血脉里永远不会褪色的温暖记忆。,真挚动人的代际亲情与乡土记忆。用温柔细腻的镜头记录祖辈的坚韧与慈爱，勾起无数人内心最柔软的归宿感与故土乡愁。,https://img1.doubanio.com/view/photo/l/public/p2932240430.jpg,2026-07-01,2026-07-15,院线公映 · 影院观影,展厅第4层 · 影音光影展区,IMAX / 杜比影院,
音乐,晴る (Haru),ヨルシカ (Yorushika) · n-buna / suis,日系摇滚 / 物哀美学,读完,5.0,2024年、葬送的芙莉莲OP、夜鹿、n-buna、治愈神曲,向着蔚蓝的晴空挥手作别，那滴落在手心的泪水，终会化为滋润大地的春雨。,TV动画《葬送的芙莉莲》第2季度 OP 主题曲。n-buna 标志性的清澈吉他扫弦与 suis 纯净高亢的声线，将千年精灵对漫长时光、生死别离的释然与深情吟唱得淋漓尽致，堪称 2024 年日系摇滚的巅峰之作。,https://p3.music.126.net/A2uvcfwP0zBfOfiR36Qiww==/109951169237033693.jpg,2024-01-01,2024-12-31,Apple Music / Spotify / 正版专辑,声音宇宙 · 夜鹿 & 真夜中回响专区,Hi-Res 无损黑胶 / 正规专辑,
音乐,アポリア (Aporia),ヨルシカ (Yorushika) · n-buna / suis,哲学摇滚 / 宇宙浪漫,读完,5.0,2024年、关于地球的运动ED、地动说、真理追寻、夜鹿,即便双脚陷于泥泞，我们依然要仰望并追寻那转动星辰的真理之火。,TV动画《地。-关于地球的运动-》ED 主题曲。歌名 Aporia 意为哲学术语中的‘困惑 / 无路可走’。探讨人类在浩瀚宇宙未知面前的渺小，以及前仆后继为真理献身的壮丽诗篇。,https://p4.music.126.net/Pm_XyfxR0gu5XCb-5vR9KA==/109951170023203859.jpg,2024-01-01,2024-12-31,Apple Music / Spotify / 正版专辑,声音宇宙 · 夜鹿 & 真夜中回响专区,Hi-Res 无损黑胶 / 正规专辑,
音乐,忘れてください (Please Forget),ヨルシカ (Yorushika) · n-buna / suis,日系抒情 / 夏日叙事,读完,4.9,2024年、夏日残响、suis、温柔放手、夜鹿,如果回忆会成为你的负担，那就请你连同我的名字与这个夏夜，一并遗忘吧。,夜鹿经典的夏日与离别物语。低回呢喃的琴键伴奏与渐进的弦乐编制，刻画出极致的物哀之美与温柔的解脱。,https://p4.music.126.net/leeWUbb51Ss-Kn2O6ii5cw==/109951169778596650.jpg,2024-01-01,2024-12-31,Apple Music / Spotify / 正版专辑,声音宇宙 · 夜鹿 & 真夜中回响专区,Hi-Res 无损黑胶 / 正规专辑,
音乐,ルバート (Rubato),ヨルシカ (Yorushika) · n-buna / suis,灵动轻摇滚 / 爵士切分,读完,4.8,2024年、自由节拍、漫步曲、灵动、夜鹿,在不被定义的拍子中自在漫步，把生活中的每一次停顿写成一首浪漫的散步曲。,轻快跳跃的爵士摇摆律动，如同雨后初霁在湿润的柏油路面上随意踏水前行，自由而充满生命力。,https://p4.music.126.net/BNSgic6KUWr-eJrWFY4u0Q==/109951169634605453.jpg,2024-01-01,2024-12-31,Apple Music / Spotify / 正版专辑,声音宇宙 · 夜鹿 & 真夜中回响专区,Hi-Res 无损黑胶 / 正规专辑,
音乐,斜陽 (Setting Sun),ヨルシカ (Yorushika) · n-buna / suis,青春摇滚 / 酸甜心境,读完,5.0,2023年、我心里危险的东西OP、青春心动、斜阳、夜鹿,放学后被斜阳染红的走廊里，那心照不宣的对视，是整个青春最滚烫的秘密。,TV动画《我心里危险的东西》第1季 OP 主题曲。轻盈奔放的吉他分解和弦与青涩悸动的歌词，描摹出初恋最纯粹的心动轨迹。,https://p4.music.126.net/RmLnCQHie5SdBPURTl8Z4Q==/109951168599595799.jpg,2023-01-01,2023-12-31,Apple Music / Spotify / 正版专辑,声音宇宙 · 夜鹿 & 真夜中回响专区,Hi-Res 无损黑胶 / 正规专辑,
音乐,アルジャーノン (Algernon),ヨルシカ (Yorushika) · n-buna / suis,文学摇滚 / 治愈救赎,读完,5.0,2023年、黄昏牵手、献给阿尔吉侬的花束、慢热神曲、夜鹿,慢慢地、慢慢地成长，即便智慧终会退去，也请在我的墓前放上一束鲜花。,TBS电视剧《夕暮れに、手をつなぐ》主题曲。灵感源自丹尼尔·凯斯世界名著《献给阿尔吉侬的花束》，温柔而深邃的生命叹息。,https://p3.music.126.net/pAMfNtqQBVDTaz1ttrna2w==/109951173486374782.jpg,2023-01-01,2023-12-31,Apple Music / Spotify / 正版专辑,声音宇宙 · 夜鹿 & 真夜中回响专区,Hi-Res 无损黑胶 / 正规专辑,
音乐,451 (华氏451),ヨルシカ (Yorushika) · n-buna / suis,硬派反乌托邦摇滚,读完,4.9,2023年、画集幻燈、华氏451、硬派摇滚、思想火种,书页在华氏451度燃烧，但思想的火种永远不会在灰烬中熄灭。,画集专辑《幻燈》核心收录曲。致敬科幻大师雷·布拉德伯里的经典反乌托邦巨著，重型吉他 Riff 与极具张力的演唱。,https://p3.music.126.net/pAMfNtqQBVDTaz1ttrna2w==/109951173486374782.jpg,2023-01-01,2023-12-31,Apple Music / Spotify / 正版专辑,声音宇宙 · 夜鹿 & 真夜中回响专区,Hi-Res 无损黑胶 / 正规专辑,
音乐,月光浴 (Moonlight Bath),ヨルシカ (Yorushika) · n-buna / suis,唯美抒情 / 静谧夜色,读完,4.9,2023年、大名倒产主题曲、月光、静心、夜鹿,在银白色的月光下洗尽尘世疲惫，时间在夜风里静止，灵魂重归静谧。,电影《大名倒产》主题曲。如同在深夜独自漫步在清凉月色下，琴音与声线如清泉流淌，抚平一切喧嚣与焦虑。,https://p4.music.126.net/DmFjhQCbwkPl7Lmqxc7-UA==/109951168980090020.jpg,2023-01-01,2023-12-31,Apple Music / Spotify / 正版专辑,声音宇宙 · 夜鹿 & 真夜中回响专区,Hi-Res 无损黑胶 / 正规专辑,
音乐,嘘じゃない (No Lie),ずっと真夜中でいいのに。 (ZUTOMAYO) · ACAね,前卫放克摇滚 / 疾走感,读完,5.0,2024年、我的鬼女孩主题曲、ACAね、神级放克、真夜中,即便把软弱和真心伪装起来，那份为你而战的执念，绝对不是谎言！,动画电影《我的鬼女孩 (My Oni Girl)》主题曲。ACAね 标志性的高速吉他切音与炸裂的 Slap Bass，在疾走感中诉说着少年少女笨拙却炽热的真心。,https://p3.music.126.net/eevP8WLVve9lX0Vq-4TowQ==/109951169618099511.jpg,2024-01-01,2024-12-31,Apple Music / Spotify / 正版专辑,声音宇宙 · 夜鹿 & 真夜中回响专区,Hi-Res 无损黑胶 / 正规专辑,
音乐,Blues in the Closet,ずっと真夜中でいいのに。 (ZUTOMAYO) · ACAね,夜光放克 / 都会律动,读完,4.9,2024年、真夜中放克、秘密衣橱、都会孤独、ACAね,把所有的不安塞进衣橱深处，戴上耳机，在蓝调的重低音里独自起舞。,ACAね 极具辨识度的真假音转换与复杂的爵士和弦走向，将都市年轻人在暗夜中的敏感孤独转化为摇摆律动。,https://p3.music.126.net/cAtkQLQDmAOdYOAVuomBVg==/109951169661368682.jpg,2024-01-01,2024-12-31,Apple Music / Spotify / 正版专辑,声音宇宙 · 夜鹿 & 真夜中回响专区,Hi-Res 无损黑胶 / 正规专辑,
音乐,海馬成長痛 (Hippocampus Growing Pains),ずっと真夜中でいいのに。 (ZUTOMAYO) · ACAね,意识流摇滚 / 锐利切分,读完,4.9,2024年、虚仮の一念、成长阵痛、高密节奏、真夜中,海马体中隐隐作痛的记忆回响，是灵魂脱胎换骨的证明。,迷你专辑《虚仮の一念海馬に託す》主打曲。密集的节奏鼓点与天马行空的歌词隐喻，直击现代人的精神内耗与觉醒。,https://p4.music.126.net/lLRFfH4_VA1WVtgV48fgGg==/109951169914591223.jpg,2024-01-01,2024-12-31,Apple Music / Spotify / 正版专辑,声音宇宙 · 夜鹿 & 真夜中回响专区,Hi-Res 无损黑胶 / 正规专辑,
音乐,TAIKUTSU (退屈),ずっと真夜中でいいのに。 (ZUTOMAYO) · ACAね,疾走放克摇滚,读完,4.9,2024年、超自然当哒当联动、炸裂贝斯、音速暴击、真夜中,用狂暴的贝斯轰碎无聊日常，在超自然的夜色中掀起狂澜！,极速狂飙的贝斯与二胡传统民乐音色奇妙碰撞，真夜中独门的高密度音乐轰炸，打破一切审美疲劳。,http://p1.music.126.net/K91EJHEHhOie6daCAnM2Tw==/109951168661764575.jpg,2024-01-01,2024-12-31,Apple Music / Spotify / 正版专辑,声音宇宙 · 夜鹿 & 真夜中回响专区,Hi-Res 无损黑胶 / 正规专辑,
音乐,花一匁 (Hanaichimonme),ずっと真夜中でいいのに。 (ZUTOMAYO) · ACAね,和风放克摇滚 / 殿堂主打,读完,5.0,2023年、沈香学、神专主打、童谣解构、真夜中,想要那个孩子，不给那个孩子。在世俗的算计与博弈中，夺回属于自己的心跳。,3rd 专辑《沈香学》核心主打神作。将日本古老童谣《花一匁》解构重组为充满朋克反叛精神与精巧律动的殿堂级放克曲。,https://p4.music.126.net/bmjKC1odG-1spq20rjjebg==/109951168657437538.jpg,2023-01-01,2023-12-31,Apple Music / Spotify / 正版专辑,声音宇宙 · 夜鹿 & 真夜中回响专区,Hi-Res 无损黑胶 / 正规专辑,
音乐,沈香学 (Jin Kou Gaku 专辑),ずっと真夜中でいいのに。 (ZUTOMAYO) · ACAね,正规概念专辑 / 殿堂之作,读完,5.0,2023年、公信榜冠军、沈香学、年度神专、真夜中,像沉香一样历经伤口与岁月沉淀，在深夜里散发出幽微而绝美的香气。,真夜中集大成的第3张正规概念专辑。收录《残机》《綺羅キラー》《消えてしまいそうです》等多首殿堂名曲，狂放与细腻并存。,https://p3.music.126.net/K91EJHEHhOie6daCAnM2Tw==/109951168661764575.jpg,2023-01-01,2023-12-31,Apple Music / Spotify / 正版专辑,声音宇宙 · 夜鹿 & 真夜中回响专区,Hi-Res 无损黑胶 / 正规专辑,
音乐,不法侵入 (Trespass),ずっと真夜中でいいのに。 (ZUTOMAYO) · ACAね,迷幻放克 / 恋爱心境,读完,4.8,2023年、ABEMA恋爱番、侵入心扉、律动放克、真夜中,未经允许便悄然闯入我心中的你，留下了无法抹去的痕迹。,ABEMA 节目主题曲。标志性的键盘敲击与灵动声线，勾勒出恋爱中防不胜防的心动瞬间。,https://p4.music.126.net/vNYG1ojHtvxqQTmS7pq1Jw==/109951168616751712.jpg,2023-01-01,2023-12-31,Apple Music / Spotify / 正版专辑,声音宇宙 · 夜鹿 & 真夜中回响专区,Hi-Res 无损黑胶 / 正规专辑,
音乐,残機 (Time Left),ずっと真夜中でいいのに。 (ZUTOMAYO) · ACAね,硬核疾走放克 / 爆裂现场,读完,5.0,2023年、电锯人ED2、残机、血脉贲张、真夜中,即便剩余的生命只剩一条，也要握紧电锯，在血肉横飞的绝望里杀穿终局！,TV动画《电锯人》ED2。爆裂的切分音与 ACAね 的狂气嘶吼，堪称日系摇滚新浪潮的核弹级现场演绎。,https://p4.music.126.net/q7QS9ze9wXNXpUy2BscBPg==/109951167979033519.jpg,2023-01-01,2023-12-31,Apple Music / Spotify / 正版专辑,声音宇宙 · 夜鹿 & 真夜中回响专区,Hi-Res 无损黑胶 / 正规专辑,
